elapsed_ms,elapsed_s,timestamp,flag_ppg_warmup,flag_hr_artefact,heart_rate_bpm,heart_rate_clean_bpm,spo2_pct,o2_pct,ambient_temp_c,ambient_humidity_pct,pressure_a_pa,pressure_b_pa,pressure_c_ambient_pa,pressure_diff_ac_pa,pressure_diff_bc_pa,temp_bmp_a_c,temp_bmp_b_c,temp_bmp_c_c,imu_x,imu_y,imu_z,gyro_x,gyro_y,gyro_z,ppg_ir,ppg_red
0,0.0,2026-02-02 17:27:41.274000+00:00,1,0,,,,20.226,28.076,47.459,100670.906,100968.313,100809.813,-138.906,158.5,27.995,27.851,32.387,0.139,-0.307,0.898,230,45,-86,105625,85832
91,0.091,2026-02-02 17:27:41.365000+00:00,1,0,,,,20.226,28.129,47.459,100665.859,100964.219,100809.688,-143.828,154.531,28.008,27.851,32.383,0.15,-0.303,0.923,-26,-155,-7,110983,88298
227,0.227,2026-02-02 17:27:41.501000+00:00,1,0,,,,20.226,28.129,53.525,100652.109,100958.766,100809.656,-157.547,149.109,28.003,27.857,32.391,0.144,-0.333,0.923,117,-16,-163,110983,88298
317,0.317,2026-02-02 17:27:41.591000+00:00,1,0,,,,20.226,28.183,53.525,100636.016,100957.609,100809.531,-173.516,148.078,28.01,27.853,32.39,0.144,-0.315,0.924,-54,-98,158,111385,88470
414,0.414,2026-02-02 17:27:41.688000+00:00,1,0,,,,20.226,28.161,58.163,100625.219,100956.109,100809.859,-184.641,146.25,28.011,27.851,32.392,0.153,-0.292,0.919,8,-72,-17,111385,88470
495,0.495,2026-02-02 17:27:41.769000+00:00,1,0,,,,20.226,28.161,62.237,100606.188,100954.016,100809.422,-203.234,144.594,28.013,27.853,32.396,0.173,-0.323,0.919,36,51,-114,111385,88470
585,0.585,2026-02-02 17:27:41.859000+00:00,1,0,,,,20.226,28.151,62.237,100601.719,100952.297,100809.5,-207.781,142.797,28.014,27.85,32.397,0.161,-0.323,0.924,-53,-8,-16,111984,88802
699,0.699,2026-02-02 17:27:41.973000+00:00,1,0,,,,20.226,28.172,65.373,100602.25,100950.484,100809.734,-207.484,140.75,28.016,27.856,32.401,0.163,-0.308,0.916,-7,33,-1,111984,88802
787,0.787,2026-02-02 17:27:42.061000+00:00,1,0,,,,20.195,28.172,65.373,100590.563,100947.844,100809.656,-219.094,138.188,28.015,27.854,32.399,0.147,-0.307,0.927,42,1,104,111656,88492
901,0.901,2026-02-02 17:27:42.175000+00:00,1,0,,,,20.163,28.161,67.814,100586.453,100944.203,100809.297,-222.844,134.906,28.017,27.852,32.401,0.158,-0.314,0.922,-52,43,-19,111656,88492
990,0.99,2026-02-02 17:27:42.264000+00:00,1,0,,,,20.163,28.161,70.118,100586.219,100942.0,100809.703,-223.484,132.297,28.021,27.863,32.401,0.163,-0.315,0.919,-17,0,-29,111656,88492
1103,1.103,2026-02-02 17:27:42.377000+00:00,1,0,,,,20.163,28.151,70.118,100576.25,100939.922,100809.656,-233.406,130.266,28.023,27.863,32.408,0.168,-0.322,0.91,49,-4,56,111400,88472
1171,1.171,2026-02-02 17:27:42.445000+00:00,1,0,,,,20.163,28.151,72.163,100582.484,100939.109,100809.547,-227.063,129.563,28.023,27.859,32.407,0.142,-0.316,0.938,-21,-10,59,111400,88472
1351,1.351,2026-02-02 17:27:42.625000+00:00,1,0,,,,20.099,28.151,72.163,100602.609,100938.453,100809.563,-206.953,128.891,28.031,27.862,32.411,0.15,-0.32,0.925,-18,-30,82,104857,84174
1400,1.4,2026-02-02 17:27:42.674000+00:00,1,0,,,,20.067,28.14,73.72,100663.938,100940.297,100809.406,-145.469,130.891,28.028,27.859,32.414,0.16,-0.311,0.913,73,-8,127,104857,84174
1489,1.489,2026-02-02 17:27:42.763000+00:00,1,0,,,,20.035,28.14,73.918,100718.734,100944.156,100809.094,-90.359,135.063,28.024,27.864,32.416,0.167,-0.33,0.921,-35,55,-26,104857,84174
1619,1.619,2026-02-02 17:27:42.893000+00:00,1,0,,,,20.003,28.118,73.918,100821.734,100952.422,100809.281,12.453,143.141,28.023,27.856,32.421,0.161,-0.332,0.918,56,39,289,102924,83175
1711,1.711,2026-02-02 17:27:42.985000+00:00,1,0,,,,19.972,28.076,70.027,100986.297,100957.25,100809.219,177.078,148.031,28.025,27.857,32.42,0.151,-0.312,0.927,18,84,-146,102924,83175
1801,1.801,2026-02-02 17:27:43.075000+00:00,1,0,,,,19.94,28.076,65.159,101075.297,100961.156,100809.031,266.266,152.125,28.021,27.858,32.421,0.137,-0.313,0.922,183,20,-305,103003,83144
1910,1.91,2026-02-02 17:27:43.184000+00:00,1,0,,,,19.876,28.076,65.159,101132.391,100965.578,100808.859,323.531,156.719,28.016,27.867,32.424,0.143,-0.317,0.92,95,41,316,103003,83144
2024,2.024,2026-02-02 17:27:43.298000+00:00,1,0,,,,19.844,28.065,60.879,101152.641,100966.719,100809.25,343.391,157.469,28.024,27.862,32.426,0.139,-0.291,0.931,90,118,-23,103003,83144
2119,2.119,2026-02-02 17:27:43.393000+00:00,1,0,,,,19.844,28.065,57.301,101166.078,100969.094,100808.984,357.094,160.109,28.012,27.858,32.425,0.139,-0.287,0.936,199,117,-15,102770,82714
2205,2.205,2026-02-02 17:27:43.479000+00:00,1,0,,,,19.812,28.076,57.301,101180.172,100970.234,100808.797,371.375,161.438,28.019,27.856,32.426,0.123,-0.293,0.931,-218,49,12,102770,82714
2295,2.295,2026-02-02 17:27:43.569000+00:00,1,0,,,,19.812,28.076,54.219,101184.203,100970.656,100808.938,375.266,161.719,28.006,27.864,32.431,0.161,-0.303,0.928,125,185,97,101221,82104
2385,2.385,2026-02-02 17:27:43.659000+00:00,1,0,,,,19.781,28.065,54.219,101184.531,100971.469,100809.047,375.484,162.422,28.013,27.858,32.426,0.137,-0.285,0.927,199,284,18,102824,83144
2503,2.503,2026-02-02 17:27:43.777000+00:00,1,0,,,,19.781,28.054,51.571,101185.875,100972.328,100809.453,376.422,162.875,28.011,27.859,32.435,0.113,-0.264,0.938,377,302,-489,102824,83144
2632,2.632,2026-02-02 17:27:43.906000+00:00,1,0,,,,19.781,28.054,49.443,101184.203,100971.922,100809.047,375.156,162.875,28.009,27.865,32.435,0.034,-0.235,0.971,258,150,177,100538,81582
2700,2.7,2026-02-02 17:27:43.974000+00:00,1,0,,,,19.781,28.054,49.443,101197.438,100968.719,100808.594,388.844,160.125,28.01,27.858,32.435,0.089,-0.246,0.939,25,283,43,100538,81582
2791,2.791,2026-02-02 17:27:44.065000+00:00,1,0,,,,19.781,28.054,48.077,101056.844,100966.984,100809.516,247.328,157.469,28.01,27.86,32.434,0.092,-0.216,0.946,299,44,-277,104016,83572
2880,2.88,2026-02-02 17:27:44.154000+00:00,1,0,,,,19.801,28.076,50.496,100925.766,100949.484,100809.469,116.297,140.016,28.011,27.86,32.437,0.085,-0.237,0.955,-11,-41,-311,104016,83572
2997,2.997,2026-02-02 17:27:44.271000+00:00,0,1,120.0,,97.0,19.781,28.097,50.496,100714.125,100951.297,100809.359,-95.234,141.938,28.014,27.86,32.438,0.086,-0.214,0.946,22,-46,-210,104016,83572
3104,3.104,2026-02-02 17:27:44.378000+00:00,0,1,120.0,,97.0,19.781,28.097,56.271,100605.625,100950.609,100808.469,-202.844,142.141,28.024,27.863,32.439,0.067,-0.206,0.959,-51,-11,98,109232,85670
3195,3.195,2026-02-02 17:27:44.469000+00:00,0,1,120.0,,97.0,19.812,28.161,56.271,100559.141,100948.359,100809.328,-250.188,139.031,28.026,27.859,32.445,0.079,-0.211,0.957,-32,-28,-28,109232,85670
3290,3.29,2026-02-02 17:27:44.564000+00:00,0,1,120.0,,97.0,19.812,28.194,61.917,100549.344,100946.625,100809.016,-259.672,137.609,28.035,27.863,32.44,0.08,-0.226,0.961,-28,-59,39,109301,85521
3422,3.422,2026-02-02 17:27:44.696000+00:00,0,1,120.0,,97.0,19.812,28.194,66.227,100552.047,100944.938,100808.828,-256.781,136.109,28.037,27.864,32.443,0.093,-0.222,0.99,329,-82,-164,109301,85521
3511,3.511,2026-02-02 17:27:44.785000+00:00,0,1,120.0,,97.0,19.812,28.194,66.227,100543.828,100943.75,100808.813,-264.984,134.938,28.029,27.871,32.449,0.085,-0.209,0.979,408,-23,63,109301,85521
3600,3.6,2026-02-02 17:27:44.874000+00:00,0,1,120.0,,97.0,19.812,28.226,69.783,100534.375,100941.438,100809.063,-274.688,132.375,28.039,27.87,32.45,0.078,-0.164,0.926,912,-98,124,109747,85347
3690,3.69,2026-02-02 17:27:44.964000+00:00,0,1,120.0,,97.0,19.781,28.226,72.659,100529.594,100938.672,100809.047,-279.453,129.625,28.047,27.867,32.451,0.096,-0.188,0.953,-603,208,-103,109747,85347
3824,3.824,2026-02-02 17:27:45.098000+00:00,0,1,120.0,,97.0,19.781,28.226,72.659,100523.078,100934.5,100808.781,-285.703,125.719,28.043,27.864,32.454,0.101,-0.194,0.958,24,-154,-89,110212,85222
3915,3.915,2026-02-02 17:27:45.189000+00:00,0,1,120.0,,97.0,19.781,28.226,75.116,100523.344,100926.734,100808.969,-285.625,117.766,28.052,27.866,32.453,0.095,-0.201,0.962,91,-62,195,110212,85222
4016,4.016,2026-02-02 17:27:45.290000+00:00,0,1,120.0,,97.0,19.741,28.215,75.116,100514.813,100916.703,100808.906,-294.094,107.797,28.048,27.867,32.452,0.128,-0.2,0.959,-32,4,45,110212,85222
4094,4.094,2026-02-02 17:27:45.368000+00:00,0,1,120.0,,97.0,19.757,28.226,77.275,100495.906,100904.297,100808.984,-313.078,95.313,28.055,27.866,32.458,0.096,-0.187,0.958,255,33,223,110063,85135
4185,4.185,2026-02-02 17:27:45.459000+00:00,0,1,120.0,,97.0,19.717,28.226,79.228,100490.516,100900.5,100809.219,-318.703,91.281,28.048,27.876,32.464,0.093,-0.186,0.955,-224,43,-218,110063,85135
4276,4.276,2026-02-02 17:27:45.550000+00:00,0,1,120.0,,97.0,19.717,28.204,79.228,100490.188,100900.391,100809.453,-319.266,90.938,28.048,27.877,32.463,0.06,-0.204,0.999,10,135,-11,110140,85130
4368,4.368,2026-02-02 17:27:45.642000+00:00,0,1,120.0,,97.0,19.653,28.236,81.051,100497.313,100899.031,100809.531,-312.219,89.5,28.054,27.883,32.465,0.099,-0.187,0.961,-152,-20,-124,110140,85130
4500,4.5,2026-02-02 17:27:45.774000+00:00,0,1,120.0,,97.0,19.653,28.236,82.318,100553.422,100897.578,100809.406,-255.984,88.172,28.055,27.888,32.466,0.052,-0.156,1.0,-30,43,-361,110140,85130
4589,4.589,2026-02-02 17:27:45.863000+00:00,0,1,120.0,,97.0,19.59,28.204,82.318,100632.359,100904.156,100808.891,-176.531,95.266,28.053,27.885,32.467,0.145,-0.188,0.906,-2,160,354,109276,84807
4680,4.68,2026-02-02 17:27:45.954000+00:00,0,1,120.0,,97.0,19.59,28.204,81.395,100881.5,100905.469,100808.563,72.938,96.906,28.056,27.884,32.471,0.092,-0.184,0.958,357,-688,382,109276,84807
4771,4.771,2026-02-02 17:27:46.045000+00:00,0,1,120.0,,97.0,19.558,28.118,81.395,101005.438,100907.078,100808.609,196.828,98.469,28.05,27.885,32.471,0.094,-0.211,0.968,-447,263,-486,109769,84683
4908,4.908,2026-02-02 17:27:46.182000+00:00,0,1,120.0,,97.0,19.494,28.097,76.558,101092.938,100911.25,100809.094,283.844,102.156,28.042,27.88,32.475,0.101,-0.195,0.96,170,74,61,109769,84683
4994,4.994,2026-02-02 17:27:46.268000+00:00,0,1,120.0,,97.0,19.462,28.097,71.515,101131.078,100913.781,100808.391,322.688,105.391,28.041,27.872,32.476,0.132,-0.217,0.933,-105,-59,-62,109769,84683
5083,5.083,2026-02-02 17:27:46.357000+00:00,0,0,67.0,67.0,98.0,19.462,28.086,71.515,101178.922,100915.953,100809.031,369.891,106.922,28.043,27.875,32.48,0.099,-0.196,0.961,273,-210,139,110037,85142
5175,5.175,2026-02-02 17:27:46.449000+00:00,0,0,67.0,67.0,98.0,19.43,28.076,67.097,101185.656,100918.813,100808.969,376.688,109.844,28.04,27.879,32.482,0.102,-0.194,0.949,-137,155,-439,110037,85142
5310,5.31,2026-02-02 17:27:46.584000+00:00,0,0,67.0,67.0,98.0,19.462,28.076,67.097,101194.516,100921.313,100809.328,385.188,111.984,28.042,27.88,32.481,0.073,-0.184,0.965,-96,90,-94,107228,83664
5446,5.446,2026-02-02 17:27:46.720000+00:00,0,0,67.0,67.0,98.0,19.391,28.054,63.374,101194.063,100923.875,100809.063,385.0,114.813,28.043,27.879,32.482,0.125,-0.2,0.942,-95,79,-88,108760,84482
5490,5.49,2026-02-02 17:27:46.764000+00:00,0,0,67.0,67.0,98.0,19.391,28.054,60.307,101191.297,100926.125,100809.563,381.734,116.563,28.044,27.877,32.485,0.097,-0.204,0.965,-71,-12,114,108760,84482
5601,5.601,2026-02-02 17:27:46.875000+00:00,0,0,67.0,67.0,98.0,19.399,28.065,60.307,101200.344,100927.203,100809.281,391.063,117.922,28.043,27.875,32.485,0.105,-0.196,0.947,290,-113,286,104469,82060
5715,5.715,2026-02-02 17:27:46.989000+00:00,0,0,67.0,67.0,98.0,19.43,28.086,57.881,101209.609,100928.703,100809.172,400.438,119.531,28.033,27.88,32.489,0.099,-0.209,0.961,-20,-56,115,104469,82060
5805,5.805,2026-02-02 17:27:47.079000+00:00,0,0,67.0,67.0,98.0,19.399,28.086,56.325,101054.781,100928.141,100809.719,245.063,118.422,28.044,27.876,32.488,0.096,-0.213,0.963,-2,-25,193,104379,81602
5895,5.895,2026-02-02 17:27:47.169000+00:00,0,0,67.0,67.0,98.0,19.43,28.076,56.325,100998.109,100924.172,100808.859,189.25,115.313,28.037,27.885,32.49,0.145,-0.228,0.962,68,7,-156,104379,81602
5983,5.983,2026-02-02 17:27:47.257000+00:00,0,0,67.0,67.0,98.0,19.43,28.108,57.919,100930.938,100921.547,100809.313,121.625,112.234,28.043,27.882,32.492,0.111,-0.188,0.935,57,44,-16,104379,81602
6164,6.164,2026-02-02 17:27:47.438000+00:00,0,0,61.0,61.0,97.0,19.43,28.108,57.919,100868.859,100921.297,100809.156,59.703,112.141,28.044,27.881,32.495,0.103,-0.183,0.943,41,28,-52,100152,78606
6209,6.209,2026-02-02 17:27:47.483000+00:00,0,0,61.0,61.0,97.0,19.462,28.14,61.825,100710.641,100920.766,100809.578,-98.938,111.188,28.043,27.88,32.497,0.103,-0.216,0.966,67,-54,120,100152,78606
6299,6.299,2026-02-02 17:27:47.573000+00:00,0,0,61.0,61.0,97.0,19.462,28.14,65.96,100684.547,100920.156,100809.578,-125.031,110.578,28.043,27.882,32.501,0.111,-0.2,0.967,115,-164,58,100275,78855
6390,6.39,2026-02-02 17:27:47.664000+00:00,0,0,61.0,61.0,97.0,19.462,28.183,65.96,100650.016,100918.672,100809.234,-159.219,109.438,28.044,27.882,32.5,0.102,-0.182,0.96,18,19,-25,100275,78855
6501,6.501,2026-02-02 17:27:47.775000+00:00,0,0,61.0,61.0,97.0,19.462,28.183,69.134,100617.375,100917.391,100809.047,-191.672,108.344,28.058,27.882,32.504,0.104,-0.192,0.962,86,64,20,100275,78855
6571,6.571,2026-02-02 17:27:47.845000+00:00,0,0,61.0,61.0,97.0,19.462,28.183,71.751,100607.031,100915.469,100809.375,-202.344,106.094,28.054,27.881,32.504,0.097,-0.194,0.979,9,18,29,100339,78754
6707,6.707,2026-02-02 17:27:47.981000+00:00,0,0,61.0,61.0,97.0,19.494,28.183,71.751,100603.891,100913.516,100809.234,-205.344,104.281,28.053,27.889,32.504,0.113,-0.189,0.959,49,-15,33,100339,78754
6796,6.796,2026-02-02 17:27:48.070000+00:00,0,0,61.0,61.0,97.0,19.462,28.183,73.918,100600.703,100911.938,100809.422,-208.719,102.516,28.054,27.882,32.504,0.107,-0.186,0.967,151,-36,26,102499,79720
6906,6.906,2026-02-02 17:27:48.180000+00:00,0,0,61.0,61.0,97.0,19.462,28.183,75.49,100587.719,100909.406,100809.266,-221.547,100.141,28.055,27.884,32.508,0.115,-0.191,0.954,-91,47,19,102499,79720
6974,6.974,2026-02-02 17:27:48.248000+00:00,0,0,61.0,61.0,97.0,19.462,28.183,75.49,100575.078,100907.219,100809.125,-234.047,98.094,28.06,27.887,32.509,0.105,-0.197,0.969,-5,47,-105,102499,79720
7110,7.11,2026-02-02 17:27:48.384000+00:00,0,0,65.0,65.0,97.0,19.43,28.183,77.092,100573.859,100906.172,100809.641,-235.781,96.531,28.066,27.889,32.516,0.107,-0.187,0.958,-4,-30,103,102036,79207
7200,7.2,2026-02-02 17:27:48.474000+00:00,0,0,65.0,65.0,97.0,19.391,28.172,77.092,100573.234,100904.781,100809.453,-236.219,95.328,28.06,27.891,32.517,0.111,-0.183,0.97,56,-50,93,102036,79207
7291,7.291,2026-02-02 17:27:48.565000+00:00,0,0,65.0,65.0,97.0,19.399,28.161,78.297,100576.016,100904.188,100809.625,-233.609,94.563,28.066,27.887,32.516,0.107,-0.2,0.963,-178,32,-146,101834,78915
7380,7.38,2026-02-02 17:27:48.654000+00:00,0,0,65.0,65.0,97.0,19.367,28.161,79.205,100575.906,100902.547,100808.984,-233.078,93.563,28.065,27.893,32.522,0.124,-0.183,0.95,38,24,-30,100705,78925
7515,7.515,2026-02-02 17:27:48.789000+00:00,0,0,65.0,65.0,97.0,19.335,28.172,79.205,100579.813,100902.172,100809.078,-229.266,93.094,28.064,27.893,32.526,0.097,-0.207,0.978,-22,-44,18,100705,78925
7605,7.605,2026-02-02 17:27:48.879000+00:00,0,0,65.0,65.0,97.0,19.263,28.183,79.884,100648.109,100903.359,100808.859,-160.75,94.5,28.069,27.89,32.522,0.113,-0.196,0.953,53,-86,109,98017,76166
7695,7.695,2026-02-02 17:27:48.969000+00:00,0,0,65.0,65.0,97.0,19.263,28.183,78.587,100692.547,100906.984,100809.0,-116.453,97.984,28.068,27.883,32.528,0.128,-0.2,0.954,23,104,-6,98017,76166
7784,7.784,2026-02-02 17:27:49.058000+00:00,0,0,65.0,65.0,97.0,19.271,28.14,78.587,100805.453,100912.875,100808.5,-3.047,104.375,28.07,27.89,32.528,0.111,-0.178,0.962,-30,31,94,98017,76166
7898,7.898,2026-02-02 17:27:49.172000+00:00,0,0,65.0,65.0,97.0,19.237,28.14,74.063,100958.391,100917.359,100809.047,149.344,108.313,28.058,27.889,32.527,0.118,-0.2,0.961,-4,82,98,93401,73755
8011,8.011,2026-02-02 17:27:49.285000+00:00,0,0,65.0,65.0,97.0,19.205,28.108,74.063,101041.438,100920.625,100808.719,232.719,111.906,28.061,27.889,32.53,0.103,-0.192,0.963,-30,84,-85,93401,73755
8111,8.111,2026-02-02 17:27:49.385000+00:00,0,0,63.0,63.0,96.0,19.166,28.108,69.394,101079.766,100923.531,100808.844,270.922,114.688,28.053,27.887,32.534,0.08,-0.23,0.981,-33,-71,-2,90898,72437
8191,8.191,2026-02-02 17:27:49.465000+00:00,0,0,63.0,63.0,96.0,19.142,28.108,65.388,101104.719,100926.234,100808.75,295.969,117.484,28.056,27.889,32.537,0.102,-0.191,0.963,-62,21,-65,90898,72437
8280,8.28,2026-02-02 17:27:49.554000+00:00,0,0,63.0,63.0,96.0,19.122,28.118,65.388,101118.906,100926.781,100809.016,309.891,117.766,28.051,27.888,32.541,0.119,-0.189,0.941,63,44,31,79901,68001
8415,8.415,2026-02-02 17:27:49.689000+00:00,0,0,63.0,63.0,96.0,19.11,28.118,61.924,101128.125,100929.906,100808.828,319.297,121.078,28.06,27.893,32.536,0.099,-0.194,0.97,-25,-30,58,79901,68001
8505,8.505,2026-02-02 17:27:49.779000+00:00,0,0,63.0,63.0,96.0,19.11,28.086,59.056,101141.063,100931.266,100809.172,331.891,122.094,28.046,27.895,32.543,0.114,-0.2,0.951,116,-34,21,79901,68001
8595,8.595,2026-02-02 17:27:49.869000+00:00,0,0,63.0,63.0,96.0,19.078,28.108,59.056,101147.922,100932.406,100808.391,339.531,124.016,28.058,27.887,32.542,0.114,-0.191,0.944,-23,35,-1,74665,65993
8685,8.685,2026-02-02 17:27:49.959000+00:00,0,0,63.0,63.0,96.0,19.078,28.108,56.576,101152.719,100932.719,100808.813,343.906,123.906,28.057,27.89,32.542,0.12,-0.198,0.95,287,-60,166,74665,65993
8821,8.821,2026-02-02 17:27:50.095000+00:00,0,0,63.0,63.0,96.0,19.078,28.097,56.576,101171.406,100933.859,100808.844,362.563,125.016,28.053,27.891,32.539,0.115,-0.197,0.943,-116,33,3,74200,63267
8911,8.911,2026-02-02 17:27:50.185000+00:00,0,0,63.0,63.0,96.0,19.078,28.097,54.684,101048.922,100933.906,100808.625,240.297,125.281,28.054,27.892,32.551,0.103,-0.197,0.969,78,-53,157,74200,63267
9000,9.0,2026-02-02 17:27:50.274000+00:00,0,0,63.0,63.0,96.0,19.078,28.097,55.523,100951.188,100929.563,100808.891,142.297,120.672,28.049,27.893,32.548,0.139,-0.194,0.944,40,-18,-72,74200,63267
9115,9.115,2026-02-02 17:27:50.389000+00:00,0,0,57.0,57.0,96.0,19.11,28.108,55.523,100892.484,100929.156,100808.781,83.703,120.375,28.053,27.893,32.55,0.094,-0.18,0.952,122,38,-19,71757,60013
9226,9.226,2026-02-02 17:27:50.500000+00:00,0,0,57.0,57.0,96.0,19.122,28.108,59.43,100822.188,100925.938,100808.938,13.25,117.0,28.058,27.892,32.556,0.104,-0.191,0.977,1,-51,-46,71757,60013
9272,9.272,2026-02-02 17:27:50.546000+00:00,0,0,57.0,57.0,96.0,19.142,28.172,59.43,100733.188,100925.141,100809.047,-75.859,116.094,28.066,27.895,32.552,0.122,-0.17,0.946,-21,-14,-74,71757,60013
9405,9.405,2026-02-02 17:27:50.679000+00:00,0,0,57.0,57.0,96.0,19.142,28.172,63.214,100700.125,100921.813,100808.469,-108.344,113.344,28.063,27.887,32.562,0.115,-0.175,0.96,87,-27,79,71933,61914
9495,9.495,2026-02-02 17:27:50.769000+00:00,0,0,57.0,57.0,96.0,19.142,28.172,66.464,100683.438,100919.813,100808.641,-125.203,111.172,28.065,27.888,32.555,0.124,-0.177,0.954,-13,44,-11,71933,61914
9585,9.585,2026-02-02 17:27:50.859000+00:00,0,0,57.0,57.0,96.0,19.142,28.172,66.464,100667.016,100918.297,100809.469,-142.453,108.828,28.066,27.896,32.56,0.107,-0.178,0.969,15,-25,61,73968,63402
9674,9.674,2026-02-02 17:27:50.948000+00:00,0,0,57.0,57.0,96.0,19.174,28.194,69.096,100650.844,100916.031,100809.188,-158.344,106.844,28.064,27.894,32.564,0.123,-0.178,0.957,28,11,-23,73968,63402
9808,9.808,2026-02-02 17:27:51.082000+00:00,0,0,57.0,57.0,96.0,19.174,28.194,71.11,100638.078,100914.063,100809.109,-171.031,104.953,28.069,27.893,32.564,0.118,-0.176,0.955,75,-25,53,73968,63402
9899,9.899,2026-02-02 17:27:51.173000+00:00,0,0,57.0,57.0,96.0,19.174,28.172,71.11,100621.141,100911.969,100809.078,-187.938,102.891,28.065,27.895,32.563,0.101,-0.183,0.965,13,108,-9,72452,63562
10011,10.011,2026-02-02 17:27:51.285000+00:00,0,0,57.0,57.0,96.0,19.174,28.172,72.827,100602.656,100911.031,100809.25,-206.594,101.781,28.069,27.898,32.575,0.128,-0.163,0.954,69,-7,20,72452,63562
10139,10.139,2026-02-02 17:27:51.413000+00:00,0,0,53.0,53.0,96.0,19.174,28.183,72.827,100595.141,100908.5,100808.813,-213.672,99.688,28.068,27.893,32.576,0.104,-0.184,0.975,14,-11,14,71664,63401
10216,10.216,2026-02-02 17:27:51.490000+00:00,0,0,53.0,53.0,96.0,19.142,28.204,74.421,100596.063,100907.25,100808.5,-212.438,98.75,28.078,27.899,32.571,0.137,-0.174,0.946,2,33,-19,71664,63401
10305,10.305,2026-02-02 17:27:51.579000+00:00,0,0,53.0,53.0,96.0,19.11,28.204,75.612,100603.203,100906.078,100808.797,-205.594,97.281,28.081,27.9,32.573,0.106,-0.18,0.966,10,10,7,71664,63401
10395,10.395,2026-02-02 17:27:51.669000+00:00,0,0,53.0,53.0,96.0,19.11,28.183,75.612,100627.5,100905.813,100808.688,-181.188,97.125,28.078,27.902,32.578,0.116,-0.179,0.953,-46,-22,26,70096,62887
10486,10.486,2026-02-02 17:27:51.760000+00:00,0,0,53.0,53.0,96.0,19.11,28.194,76.527,100652.75,100904.563,100809.391,-156.641,95.172,28.083,27.903,32.578,0.12,-0.169,0.953,-178,61,-24,70096,62887
10575,10.575,2026-02-02 17:27:51.849000+00:00,0,0,53.0,53.0,96.0,19.078,28.194,76.359,100712.156,100906.172,100808.625,-96.469,97.547,28.082,27.901,32.582,0.111,-0.19,0.975,77,41,93,69337,62755
10665,10.665,2026-02-02 17:27:51.939000+00:00,0,0,53.0,53.0,96.0,19.078,28.172,76.359,100740.672,100911.688,100808.234,-67.563,103.453,28.075,27.905,32.587,0.113,-0.198,0.953,48,47,-21,69337,62755
10801,10.801,2026-02-02 17:27:52.075000+00:00,0,0,53.0,53.0,96.0,19.078,28.172,72.865,100894.5,100917.141,100808.766,85.734,108.375,28.076,27.898,32.584,0.122,-0.182,0.96,-110,7,-10,69337,62755
10891,10.891,2026-02-02 17:27:52.165000+00:00,0,0,53.0,53.0,96.0,19.078,28.14,68.364,101026.063,100921.313,100808.484,217.578,112.828,28.076,27.898,32.591,0.101,-0.173,0.964,-75,28,27,72229,63946
10981,10.981,2026-02-02 17:27:52.255000+00:00,0,0,53.0,53.0,96.0,18.983,28.118,68.364,101074.516,100924.609,100809.094,265.422,115.516,28.074,27.9,32.587,0.109,-0.207,0.969,55,-48,91,72229,63946
11094,11.094,2026-02-02 17:27:52.368000+00:00,0,0,53.0,53.0,96.0,18.983,28.118,64.435,101100.922,100926.578,100809.156,291.766,117.422,28.069,27.898,32.586,0.129,-0.185,0.945,54,77,36,64131,63922
11205,11.205,2026-02-02 17:27:52.479000+00:00,0,0,57.0,57.0,97.0,18.983,28.14,64.435,101117.109,100928.641,100809.156,307.953,119.484,28.068,27.897,32.594,0.099,-0.198,0.972,35,-47,140,64131,63922
11296,11.296,2026-02-02 17:27:52.570000+00:00,0,0,57.0,57.0,97.0,18.951,28.129,61.108,101126.422,100929.766,100809.0,317.422,120.766,28.068,27.899,32.592,0.12,-0.193,0.961,-58,-6,-58,64131,63922
11387,11.387,2026-02-02 17:27:52.661000+00:00,0,0,57.0,57.0,97.0,18.951,28.129,58.362,101136.75,100931.406,100808.891,327.859,122.516,28.067,27.904,32.594,0.133,-0.187,0.941,91,54,2,68255,68016
11476,11.476,2026-02-02 17:27:52.750000+00:00,0,0,57.0,57.0,97.0,18.951,28.129,58.362,101145.438,100932.797,100809.016,336.422,123.781,28.064,27.901,32.603,0.087,-0.202,0.973,-31,-8,65,68255,68016
11610,11.61,2026-02-02 17:27:52.884000+00:00,0,0,57.0,57.0,97.0,18.911,28.129,55.943,101151.375,100933.5,100809.016,342.359,124.484,28.063,27.898,32.601,0.12,-0.197,0.943,-57,21,-2,65814,65630
11702,11.702,2026-02-02 17:27:52.976000+00:00,0,0,57.0,57.0,97.0,18.919,28.14,55.943,101157.469,100933.875,100808.906,348.563,124.969,28.061,27.895,32.601,0.107,-0.186,0.957,126,-36,22,65814,65630
11811,11.811,2026-02-02 17:27:53.085000+00:00,0,0,57.0,57.0,97.0,18.951,28.129,54.097,101166.938,100934.703,100809.422,357.516,125.281,28.067,27.901,32.607,0.104,-0.198,0.954,35,-13,133,65814,65630
11881,11.881,2026-02-02 17:27:53.155000+00:00,0,0,57.0,57.0,97.0,18.951,28.129,53.227,101025.859,100933.188,100808.734,217.125,124.453,28.065,27.901,32.602,0.108,-0.206,0.956,-9,-18,21,65346,63781
12016,12.016,2026-02-02 17:27:53.290000+00:00,0,0,57.0,57.0,97.0,18.983,28.129,53.227,100961.922,100928.828,100808.969,152.953,119.859,28.07,27.901,32.605,0.125,-0.192,0.969,250,-101,41,65346,63781
12106,12.106,2026-02-02 17:27:53.380000+00:00,0,0,57.0,57.0,97.0,18.983,28.129,55.279,100878.797,100928.344,100809.047,69.75,119.297,28.068,27.899,32.608,0.104,-0.173,0.939,-44,38,-76,72922,72139
12208,12.208,2026-02-02 17:27:53.482000+00:00,0,0,54.0,54.0,97.0,18.983,28.14,59.132,100769.328,100927.234,100809.172,-39.844,118.063,28.07,27.898,32.61,0.101,-0.195,0.974,168,-46,59,72922,72139
12285,12.285,2026-02-02 17:27:53.559000+00:00,0,0,54.0,54.0,97.0,18.983,28.172,59.132,100725.719,100925.891,100809.5,-83.781,116.391,28.072,27.902,32.609,0.125,-0.177,0.951,-86,-9,-128,72922,72139
12420,12.42,2026-02-02 17:27:53.694000+00:00,0,0,54.0,54.0,97.0,18.983,28.172,62.825,100660.984,100921.094,100809.422,-148.438,111.672,28.076,27.905,32.615,0.12,-0.191,0.969,98,40,23,74147,72822
12511,12.511,2026-02-02 17:27:53.785000+00:00,0,0,54.0,54.0,97.0,19.014,28.204,62.825,100645.906,100919.234,100809.172,-163.266,110.063,28.077,27.904,32.621,0.12,-0.168,0.956,65,-18,36,74147,72822
12601,12.601,2026-02-02 17:27:53.875000+00:00,0,0,54.0,54.0,97.0,19.014,28.215,66.067,100633.25,100917.297,100809.594,-176.344,107.703,28.079,27.906,32.615,0.116,-0.175,0.965,11,-22,48,72837,71154
12738,12.738,2026-02-02 17:27:54.012000+00:00,0,0,54.0,54.0,97.0,19.046,28.215,68.913,100619.625,100915.75,100809.359,-189.734,106.391,28.078,27.906,32.621,0.118,-0.167,0.957,-13,33,-88,72837,71154
12825,12.825,2026-02-02 17:27:54.099000+00:00,0,0,54.0,54.0,97.0,19.046,28.215,68.913,100615.688,100913.781,100809.406,-193.719,104.375,28.09,27.908,32.623,0.095,-0.169,0.983,314,-109,105,72837,71154
12872,12.872,2026-02-02 17:27:54.146000+00:00,0,0,54.0,54.0,97.0,19.046,28.215,71.042,100609.875,100911.75,100809.313,-199.438,102.438,28.09,27.906,32.625,0.122,-0.172,0.949,-164,100,-81,72084,70668
13005,13.005,2026-02-02 17:27:54.279000+00:00,0,0,54.0,54.0,97.0,19.014,28.215,72.735,100595.734,100909.531,100809.484,-213.75,100.047,28.092,27.903,32.623,0.106,-0.169,0.968,64,22,-13,72084,70668
13096,13.096,2026-02-02 17:27:54.370000+00:00,0,0,54.0,54.0,97.0,19.066,28.215,72.735,100585.75,100908.328,100809.391,-223.641,98.938,28.094,27.908,32.624,0.108,-0.168,0.96,23,13,25,71153,70159
13203,13.203,2026-02-02 17:27:54.477000+00:00,0,0,54.0,54.0,97.0,19.014,28.215,74.376,100580.891,100906.094,100809.031,-228.141,97.063,28.093,27.912,32.633,0.115,-0.16,0.962,191,-16,10,71153,70159
13276,13.276,2026-02-02 17:27:54.550000+00:00,0,0,54.0,54.0,97.0,19.014,28.204,74.376,100584.125,100904.938,100809.313,-225.188,95.625,28.089,27.91,32.63,0.11,-0.174,0.968,-44,-15,-45,71153,70159
13411,13.411,2026-02-02 17:27:54.685000+00:00,0,0,54.0,54.0,97.0,19.014,28.215,75.802,100596.438,100904.281,100809.859,-213.422,94.422,28.095,27.913,32.633,0.12,-0.16,0.961,-12,21,6,71065,70348
13501,13.501,2026-02-02 17:27:54.775000+00:00,0,0,54.0,54.0,97.0,18.983,28.215,76.802,100607.156,100902.438,100809.156,-202.0,93.281,28.088,27.914,32.633,0.104,-0.166,0.971,-38,-6,0,71065,70348
13591,13.591,2026-02-02 17:27:54.865000+00:00,0,0,54.0,54.0,97.0,18.951,28.194,76.802,100630.016,100902.766,100809.203,-179.188,93.563,28.087,27.913,32.634,0.115,-0.159,0.96,35,-8,64,69185,69253
13705,13.705,2026-02-02 17:27:54.979000+00:00,0,0,54.0,54.0,97.0,18.951,28.172,77.023,100695.125,100906.047,100808.797,-113.672,97.25,28.093,27.911,32.635,0.108,-0.183,0.96,-105,91,37,69185,69253
13815,13.815,2026-02-02 17:27:55.089000+00:00,0,0,54.0,54.0,97.0,18.919,28.172,73.994,100759.813,100911.594,100808.813,-49.0,102.781,28.091,27.914,32.64,0.104,-0.165,0.969,121,-22,181,69185,69253
13906,13.906,2026-02-02 17:27:55.180000+00:00,0,0,54.0,54.0,97.0,18.887,28.151,73.994,100939.5,100916.031,100808.844,130.656,107.188,28.093,27.911,32.648,0.126,-0.192,0.954,-113,12,19,66502,68059
14042,14.042,2026-02-02 17:27:55.316000+00:00,0,0,54.0,54.0,97.0,18.855,28.151,69.394,101017.953,100920.094,100809.109,208.844,110.984,28.082,27.91,32.644,0.116,-0.173,0.949,-41,21,-3,66502,68059
14085,14.085,2026-02-02 17:27:55.359000+00:00,0,0,54.0,54.0,97.0,18.855,28.151,69.394,101057.141,100923.156,100809.109,248.031,114.047,28.088,27.917,32.647,0.092,-0.188,0.966,-143,86,4,66229,68649
14176,14.176,2026-02-02 17:27:55.450000+00:00,0,0,54.0,54.0,97.0,18.823,28.129,65.404,101081.797,100925.172,100808.906,272.891,116.266,28.085,27.914,32.651,0.103,-0.195,0.963,-101,-12,-45,66229,68649
14311,14.311,2026-02-02 17:27:55.585000+00:00,0,0,54.0,54.0,97.0,18.804,28.129,62.001,101103.781,100926.656,100809.0,294.781,117.656,28.086,27.913,32.651,0.112,-0.177,0.954,-48,50,-47,66229,68649
14401,14.401,2026-02-02 17:27:55.675000+00:00,0,0,54.0,54.0,97.0,18.804,28.129,62.001,101120.578,100928.984,100808.969,311.609,120.016,28.077,27.912,32.654,0.099,-0.202,0.97,106,-54,72,64273,67202
14491,14.491,2026-02-02 17:27:55.765000+00:00,0,0,54.0,54.0,97.0,18.792,28.14,58.995,101131.828,100929.703,100809.234,322.594,120.469,28.087,27.914,32.654,0.109,-0.176,0.954,-86,111,10,64273,67202
14580,14.58,2026-02-02 17:27:55.854000+00:00,0,0,54.0,54.0,97.0,18.76,28.14,56.492,101141.734,100930.906,100808.969,332.766,121.938,28.082,27.911,32.656,0.111,-0.185,0.957,65,-8,62,60546,63329
14726,14.726,2026-02-02 17:27:56+00:00,0,0,54.0,54.0,97.0,18.76,28.151,56.492,101150.5,100932.406,100808.938,341.563,123.469,28.078,27.919,32.66,0.094,-0.19,0.964,-113,77,-22,60546,63329
14804,14.804,2026-02-02 17:27:56.078000+00:00,0,0,54.0,54.0,97.0,18.804,28.151,54.333,101155.891,100932.688,100808.906,346.984,123.781,28.076,27.91,32.658,0.112,-0.172,0.958,37,-23,-4,60546,63329
14896,14.896,2026-02-02 17:27:56.170000+00:00,0,0,54.0,54.0,97.0,18.792,28.151,54.333,101173.563,100933.313,100808.906,364.656,124.406,28.078,27.91,32.666,0.102,-0.178,0.945,57,123,53,65023,67763
14985,14.985,2026-02-02 17:27:56.259000+00:00,0,0,54.0,54.0,97.0,18.792,28.14,52.807,100984.344,100930.047,100808.438,175.906,121.609,28.085,27.912,32.664,0.099,-0.198,0.971,69,-134,69,65023,67763
15119,15.119,2026-02-02 17:27:56.393000+00:00,0,0,54.0,54.0,97.0,18.815,28.14,54.127,100956.219,100927.109,100809.516,146.703,117.594,28.083,27.915,32.666,0.125,-0.188,0.953,114,-29,-3,70737,74228
15256,15.256,2026-02-02 17:27:56.530000+00:00,0,0,53.0,53.0,98.0,18.823,28.161,54.127,100909.234,100923.031,100808.922,100.313,114.109,28.081,27.916,32.668,0.092,-0.166,0.967,32,-45,67,70737,74228
15301,15.301,2026-02-02 17:27:56.575000+00:00,0,0,53.0,53.0,98.0,18.823,28.183,56.897,100833.938,100922.516,100808.672,25.266,113.844,28.087,27.913,32.671,0.113,-0.186,0.972,14,-18,25,70737,74228
15390,15.39,2026-02-02 17:27:56.664000+00:00,0,0,53.0,53.0,98.0,18.887,28.183,60.948,100776.375,100922.016,100809.281,-32.906,112.734,28.086,27.915,32.671,0.101,-0.167,0.967,90,-51,-65,78644,78313
15481,15.481,2026-02-02 17:27:56.755000+00:00,0,0,53.0,53.0,98.0,18.887,28.194,60.948,100725.578,100921.984,100808.891,-83.313,113.094,28.09,27.916,32.667,0.123,-0.184,0.955,-33,-1,-11,78644,78313
15572,15.572,2026-02-02 17:27:56.846000+00:00,0,0,53.0,53.0,98.0,18.887,28.194,64.534,100685.938,100920.266,100809.719,-123.781,110.547,28.094,27.915,32.674,0.108,-0.168,0.965,98,-10,43,77507,76963
15705,15.705,2026-02-02 17:27:56.979000+00:00,0,0,53.0,53.0,98.0,18.887,28.215,64.534,100661.25,100918.156,100809.047,-147.797,109.109,28.098,27.918,32.672,0.121,-0.184,0.956,-28,55,-58,77507,76963
15818,15.818,2026-02-02 17:27:57.092000+00:00,0,0,53.0,53.0,98.0,18.887,28.226,67.387,100643.531,100916.484,100809.188,-165.656,107.297,28.1,27.916,32.676,0.109,-0.172,0.963,64,-30,12,77507,76963
15886,15.886,2026-02-02 17:27:57.160000+00:00,0,0,53.0,53.0,98.0,18.919,28.226,69.821,100630.766,100914.5,100809.047,-178.281,105.453,28.097,27.924,32.684,0.118,-0.169,0.951,-45,20,6,77417,76532
16020,16.02,2026-02-02 17:27:57.294000+00:00,0,0,53.0,53.0,98.0,18.919,28.236,69.821,100619.141,100912.703,100808.703,-189.563,104.0,28.103,27.92,32.685,0.122,-0.167,0.959,13,-7,3,77417,76532
16157,16.157,2026-02-02 17:27:57.431000+00:00,0,0,53.0,53.0,98.0,18.919,28.204,71.621,100612.313,100910.781,100809.016,-196.703,101.766,28.098,27.922,32.683,0.109,-0.168,0.965,2,26,31,75672,75179
16200,16.2,2026-02-02 17:27:57.474000+00:00,0,0,53.0,53.0,98.0,18.919,28.204,73.224,100608.359,100909.406,100809.375,-201.016,100.031,28.102,27.916,32.686,0.125,-0.167,0.957,65,9,29,75672,75179
16296,16.296,2026-02-02 17:27:57.570000+00:00,0,0,55.0,55.0,98.0,18.919,28.215,73.224,100609.016,100907.672,100809.516,-200.5,98.156,28.105,27.915,32.687,0.111,-0.177,0.969,17,26,-12,75672,75179
16404,16.404,2026-02-02 17:27:57.678000+00:00,0,0,55.0,55.0,98.0,18.919,28.215,73.224,100618.734,100907.016,100809.609,-190.875,97.406,28.109,27.925,32.686,0.11,-0.159,0.965,62,-31,93,76310,76030
16472,16.472,2026-02-02 17:27:57.746000+00:00,0,0,55.0,55.0,98.0,18.887,28.194,74.742,100634.078,100905.859,100809.094,-175.016,96.766,28.102,27.924,32.692,0.108,-0.164,0.968,-8,25,-15,76310,76030
16606,16.606,2026-02-02 17:27:57.880000+00:00,0,0,55.0,55.0,98.0,18.887,28.194,75.429,100671.766,100906.359,100809.328,-137.563,97.031,28.112,27.919,32.694,0.101,-0.17,0.962,129,8,74,75146,76061
16696,16.696,2026-02-02 17:27:57.970000+00:00,0,0,55.0,55.0,98.0,18.855,28.204,75.429,100732.547,100907.625,100808.875,-76.328,98.75,28.11,27.92,32.697,0.114,-0.179,0.958,-121,72,40,75146,76061
16791,16.791,2026-02-02 17:27:58.065000+00:00,0,0,55.0,55.0,98.0,18.855,28.194,74.849,100752.125,100912.828,100809.25,-57.125,103.578,28.102,27.923,32.699,0.103,-0.176,0.971,-65,34,1,75146,76061
16876,16.876,2026-02-02 17:27:58.150000+00:00,0,0,55.0,55.0,98.0,18.823,28.194,70.95,100911.406,100917.25,100809.094,102.313,108.156,28.099,27.931,32.701,0.128,-0.19,0.957,-12,23,64,72269,74527
17009,17.009,2026-02-02 17:27:58.283000+00:00,0,0,55.0,55.0,98.0,18.823,28.183,70.95,101035.516,100921.734,100809.188,226.328,112.547,28.101,27.921,32.705,0.11,-0.14,0.954,-60,7,-96,72269,74527
17100,17.1,2026-02-02 17:27:58.374000+00:00,0,0,55.0,55.0,98.0,18.792,28.151,66.662,101076.703,100924.313,100809.438,267.266,114.875,28.1,27.922,32.707,0.104,-0.203,0.967,116,15,206,78864,81839
17192,17.192,2026-02-02 17:27:58.466000+00:00,0,0,55.0,55.0,98.0,18.76,28.151,62.954,101093.469,100927.125,100809.438,284.031,117.688,28.1,27.929,32.711,0.106,-0.181,0.957,-31,45,-17,78864,81839
17305,17.305,2026-02-02 17:27:58.579000+00:00,0,0,55.0,55.0,98.0,18.76,28.151,62.954,101108.969,100928.547,100809.266,299.703,119.281,28.1,27.925,32.709,0.083,-0.192,0.977,145,3,26,78864,81839
17415,17.415,2026-02-02 17:27:58.689000+00:00,0,0,55.0,55.0,98.0,18.728,28.151,59.887,101119.859,100930.047,100809.641,310.219,120.406,28.092,27.924,32.712,0.11,-0.181,0.961,-78,38,-4,73841,76603
17505,17.505,2026-02-02 17:27:58.779000+00:00,0,0,55.0,55.0,98.0,18.728,28.161,59.887,101132.188,100931.141,100809.719,322.469,121.422,28.095,27.926,32.716,0.093,-0.159,0.959,-21,53,-2,73841,76603
17594,17.594,2026-02-02 17:27:58.868000+00:00,0,0,55.0,55.0,98.0,18.728,28.14,57.263,101139.781,100932.188,100808.984,330.797,123.203,28.1,27.921,32.714,0.112,-0.18,0.952,7,-12,34,67792,71135
17685,17.685,2026-02-02 17:27:58.959000+00:00,0,0,55.0,55.0,98.0,18.728,28.14,55.234,101154.563,100932.359,100809.625,344.938,122.734,28.097,27.925,32.712,0.103,-0.167,0.96,-33,33,-1,67792,71135
17821,17.821,2026-02-02 17:27:59.095000+00:00,0,0,55.0,55.0,98.0,18.728,28.151,55.234,101149.594,100932.984,100809.109,340.484,123.875,28.091,27.927,32.719,0.113,-0.195,0.951,47,32,87,67792,71135
17911,17.911,2026-02-02 17:27:59.185000+00:00,0,0,55.0,55.0,98.0,18.76,28.151,53.631,101033.844,100932.0,100809.797,224.047,122.203,28.098,27.925,32.721,0.098,-0.179,0.965,42,29,108,65399,69042
17999,17.999,2026-02-02 17:27:59.273000+00:00,0,0,55.0,55.0,98.0,18.76,28.151,55.05,100977.047,100929.938,100809.938,167.109,120.0,28.099,27.932,32.72,0.114,-0.174,0.958,132,17,25,65399,69042
18090,18.09,2026-02-02 17:27:59.364000+00:00,0,0,55.0,55.0,98.0,18.76,28.161,55.05,100929.063,100927.141,100809.391,119.672,117.75,28.09,27.924,32.72,0.099,-0.152,0.961,28,-41,96,82509,84227
18225,18.225,2026-02-02 17:27:59.499000+00:00,0,0,55.0,55.0,98.0,18.792,28.161,57.385,100821.234,100924.75,100809.391,11.844,115.359,28.099,27.924,32.724,0.107,-0.188,0.967,19,-62,-50,82509,84227
18320,18.32,2026-02-02 17:27:59.594000+00:00,0,0,50.0,50.0,97.0,18.823,28.204,57.385,100767.422,100923.875,100809.672,-42.25,114.203,28.1,27.926,32.728,0.126,-0.151,0.946,-21,-11,-49,82509,84227
18405,18.405,2026-02-02 17:27:59.679000+00:00,0,0,50.0,50.0,97.0,18.811,28.204,62.024,100746.063,100922.859,100809.766,-63.703,113.094,28.1,27.93,32.727,0.11,-0.169,0.962,21,27,-30,88579,85524
18495,18.495,2026-02-02 17:27:59.769000+00:00,0,0,50.0,50.0,97.0,18.823,28.204,64.992,100720.969,100921.688,100809.328,-88.359,112.359,28.098,27.929,32.728,0.119,-0.141,0.949,41,-2,-77,88579,85524
18631,18.631,2026-02-02 17:27:59.905000+00:00,0,0,50.0,50.0,97.0,18.823,28.215,64.992,100687.063,100919.453,100809.266,-122.203,110.188,28.111,27.932,32.73,0.094,-0.189,0.988,-92,3,28,89415,85301
18676,18.676,2026-02-02 17:27:59.950000+00:00,0,0,50.0,50.0,97.0,18.823,28.226,67.425,100645.188,100918.703,100809.5,-164.313,109.203,28.106,27.929,32.734,0.133,-0.147,0.945,-30,41,-26,89415,85301
18766,18.766,2026-02-02 17:28:00.040000+00:00,0,0,50.0,50.0,97.0,18.855,28.226,69.859,100637.203,100916.266,100809.313,-172.109,106.953,28.108,27.931,32.734,0.067,-0.188,1.011,137,-38,47,89415,85301
18901,18.901,2026-02-02 17:28:00.175000+00:00,0,0,50.0,50.0,97.0,18.887,28.247,69.859,100626.547,100914.469,100809.141,-182.594,105.328,28.115,27.931,32.741,0.124,-0.162,0.96,68,54,9,88158,85133
18991,18.991,2026-02-02 17:28:00.265000+00:00,0,0,50.0,50.0,97.0,18.855,28.247,71.789,100613.141,100911.734,100809.25,-196.109,102.484,28.112,27.929,32.738,0.082,-0.168,0.985,-18,17,-66,88158,85133
19080,19.08,2026-02-02 17:28:00.354000+00:00,0,0,50.0,50.0,97.0,18.855,28.215,71.789,100613.469,100910.625,100809.438,-195.969,101.188,28.115,27.932,32.74,0.126,-0.156,0.95,-36,68,-7,85368,83441
19215,19.215,2026-02-02 17:28:00.489000+00:00,0,0,50.0,50.0,97.0,18.855,28.204,73.391,100610.156,100909.953,100809.219,-199.063,100.734,28.118,27.932,32.745,0.095,-0.162,0.978,118,-15,50,85368,83441
19351,19.351,2026-02-02 17:28:00.625000+00:00,0,0,50.0,50.0,97.0,18.855,28.204,74.589,100610.297,100907.75,100809.188,-198.891,98.563,28.11,27.933,32.746,0.117,-0.175,0.951,-130,56,-79,85368,83441
19399,19.399,2026-02-02 17:28:00.673000+00:00,0,0,50.0,50.0,97.0,18.823,28.226,74.589,100619.094,100907.469,100808.875,-189.781,98.594,28.117,27.935,32.748,0.116,-0.15,0.958,209,-152,178,83633,82262
19532,19.532,2026-02-02 17:28:00.806000+00:00,0,0,50.0,50.0,97.0,18.823,28.215,75.543,100629.25,100906.953,100809.109,-179.859,97.844,28.117,27.935,32.747,0.114,-0.15,0.958,-225,80,-130,83633,82262
19575,19.575,2026-02-02 17:28:00.849000+00:00,0,0,50.0,50.0,97.0,18.823,28.215,75.543,100670.594,100907.672,100809.359,-138.766,98.313,28.118,27.946,32.754,0.091,-0.164,0.968,80,-10,126,84982,83386
19667,19.667,2026-02-02 17:28:00.941000+00:00,0,0,50.0,50.0,97.0,18.823,28.226,75.871,100729.188,100911.563,100808.875,-79.688,102.688,28.114,27.931,32.758,0.112,-0.177,0.965,-87,60,48,83771,81978
19841,19.841,2026-02-02 17:28:01.115000+00:00,0,0,50.0,50.0,97.0,18.792,28.226,73.575,100784.563,100915.234,100809.109,-24.547,106.125,28.122,27.929,32.759,0.094,-0.177,0.976,0,46,121,83771,81978
19892,19.892,2026-02-02 17:28:01.166000+00:00,0,0,50.0,50.0,97.0,18.76,28.194,73.575,100900.297,100918.719,100808.516,91.781,110.203,28.114,27.937,32.759,0.108,-0.159,0.967,-109,75,-54,78225,80112
20025,20.025,2026-02-02 17:28:01.299000+00:00,0,0,50.0,50.0,97.0,18.76,28.183,69.424,101004.094,100922.031,100808.391,195.703,113.641,28.106,27.933,32.755,0.094,-0.167,0.967,-70,-16,12,78225,80112
20089,20.089,2026-02-02 17:28:01.363000+00:00,0,0,50.0,50.0,97.0,18.76,28.183,69.424,101050.203,100924.969,100808.844,241.359,116.125,28.105,27.937,32.761,0.115,-0.209,0.955,8,-96,-3,75752,79300
20205,20.205,2026-02-02 17:28:01.479000+00:00,0,0,50.0,50.0,97.0,18.696,28.151,64.389,101095.844,100926.969,100808.828,287.016,118.141,28.11,27.936,32.764,0.113,-0.096,0.941,145,93,110,75752,79300
20294,20.294,2026-02-02 17:28:01.568000+00:00,0,0,50.0,50.0,97.0,18.696,28.151,61.055,101133.219,100929.094,100809.047,324.172,120.047,28.112,27.932,32.763,0.105,-0.196,0.969,-55,52,127,75752,79300
20398,20.398,2026-02-02 17:28:01.672000+00:00,0,0,66.0,66.0,97.0,18.696,28.161,61.055,101148.641,100930.594,100809.469,339.172,121.125,28.11,27.931,32.771,0.099,-0.203,0.97,37,11,73,76917,79668
20474,20.474,2026-02-02 17:28:01.748000+00:00,0,0,66.0,66.0,97.0,18.664,28.172,58.102,101160.219,100931.703,100808.969,351.25,122.734,28.112,27.932,32.769,0.101,-0.16,0.952,20,13,54,76917,79668
20618,20.618,2026-02-02 17:28:01.892000+00:00,0,0,66.0,66.0,97.0,18.664,28.172,58.102,101163.563,100932.703,100809.391,354.172,123.313,28.112,27.931,32.769,0.101,-0.177,0.963,63,20,69,69847,73367
20700,20.7,2026-02-02 17:28:01.974000+00:00,0,0,66.0,66.0,97.0,18.664,28.161,55.722,101183.469,100934.188,100809.516,373.953,124.672,28.105,27.932,32.774,0.088,-0.19,0.974,32,-52,31,69847,73367
20789,20.789,2026-02-02 17:28:02.063000+00:00,0,0,66.0,66.0,97.0,18.696,28.161,53.807,101196.859,100935.203,100808.875,387.984,126.328,28.104,27.932,32.773,0.095,-0.189,0.966,0,65,8,69847,73367
20887,20.887,2026-02-02 17:28:02.161000+00:00,0,0,66.0,66.0,97.0,18.664,28.161,53.807,101063.859,100934.297,100809.047,254.813,125.25,28.104,27.937,32.772,0.098,-0.197,0.965,94,-38,98,69972,73314
21016,21.016,2026-02-02 17:28:02.290000+00:00,0,0,66.0,66.0,97.0,18.696,28.172,52.975,100976.844,100931.547,100808.922,167.922,122.625,28.11,27.935,32.776,0.115,-0.16,0.961,23,-7,-96,69972,73314
21106,21.106,2026-02-02 17:28:02.380000+00:00,0,0,66.0,66.0,97.0,18.728,28.172,55.241,100919.516,100927.141,100809.422,110.094,117.719,28.109,27.931,32.776,0.099,-0.175,0.965,-3,-37,-67,86084,86242
21241,21.241,2026-02-02 17:28:02.515000+00:00,0,0,66.0,66.0,97.0,18.728,28.183,55.241,100826.625,100924.672,100809.688,16.938,114.984,28.111,27.942,32.781,0.101,-0.161,0.959,-19,7,-69,86084,86242
21285,21.285,2026-02-02 17:28:02.559000+00:00,0,0,66.0,66.0,97.0,18.728,28.215,58.491,100793.688,100922.594,100808.859,-15.172,113.734,28.107,27.938,32.777,0.113,-0.188,0.97,-139,-27,-153,86084,86242
21422,21.422,2026-02-02 17:28:02.696000+00:00,0,0,49.0,49.0,98.0,18.728,28.215,62.535,100734.078,100923.172,100809.703,-75.625,113.469,28.111,27.938,32.783,0.111,-0.155,0.958,146,-39,-13,91870,88717
21510,21.51,2026-02-02 17:28:02.784000+00:00,0,0,49.0,49.0,98.0,18.76,28.236,62.535,100687.266,100922.609,100809.406,-122.141,113.203,28.117,27.936,32.783,0.114,-0.166,0.956,-3,3,61,91870,88717
21602,21.602,2026-02-02 17:28:02.876000+00:00,0,0,49.0,49.0,98.0,18.76,28.236,66.083,100622.938,100920.234,100809.594,-186.656,110.641,28.122,27.941,32.787,0.111,-0.157,0.966,60,-8,7,89067,85433
21691,21.691,2026-02-02 17:28:02.965000+00:00,0,0,49.0,49.0,98.0,18.76,28.258,66.083,100606.469,100918.594,100809.25,-202.781,109.344,28.124,27.936,32.79,0.107,-0.169,0.968,44,21,50,89067,85433
21825,21.825,2026-02-02 17:28:03.099000+00:00,0,0,49.0,49.0,98.0,18.792,28.258,68.928,100609.094,100917.406,100809.016,-199.922,108.391,28.126,27.941,32.791,0.111,-0.167,0.963,-26,7,-68,89067,85433
21889,21.889,2026-02-02 17:28:03.163000+00:00,0,0,49.0,49.0,98.0,18.792,28.258,71.049,100605.266,100915.156,100809.031,-203.766,106.125,28.128,27.942,32.792,0.12,-0.156,0.967,97,-6,106,89593,85844
22004,22.004,2026-02-02 17:28:03.278000+00:00,0,0,49.0,49.0,98.0,18.792,28.236,71.049,100589.344,100913.031,100809.547,-220.203,103.484,28.129,27.94,32.792,0.114,-0.167,0.96,-13,30,-110,89593,85844
22094,22.094,2026-02-02 17:28:03.368000+00:00,0,0,49.0,49.0,98.0,18.792,28.258,72.987,100584.328,100910.906,100808.906,-224.578,102.0,28.123,27.95,32.793,0.11,-0.146,0.966,17,-14,57,89379,85973
22186,22.186,2026-02-02 17:28:03.460000+00:00,0,0,49.0,49.0,98.0,18.76,28.258,74.551,100583.5,100910.563,100809.031,-225.531,101.531,28.126,27.949,32.796,0.114,-0.163,0.954,-74,65,-73,89379,85973
22278,22.278,2026-02-02 17:28:03.552000+00:00,0,0,49.0,49.0,98.0,18.76,28.258,74.551,100584.063,100909.172,100809.25,-225.188,99.922,28.127,27.945,32.796,0.107,-0.167,0.967,32,-18,52,89379,85973
22411,22.411,2026-02-02 17:28:03.685000+00:00,0,0,61.0,61.0,98.0,18.76,28.258,76.008,100594.891,100908.141,100809.203,-214.313,98.938,28.125,27.947,32.799,0.119,-0.156,0.955,-78,-5,-20,90658,86731
22501,22.501,2026-02-02 17:28:03.775000+00:00,0,0,61.0,61.0,98.0,18.76,28.247,76.008,100613.469,100907.656,100809.031,-195.563,98.625,28.128,27.948,32.803,0.115,-0.158,0.97,25,-50,59,90658,86731
22590,22.59,2026-02-02 17:28:03.864000+00:00,0,0,61.0,61.0,98.0,18.728,28.247,76.954,100662.453,100908.531,100810.141,-147.688,98.391,28.125,27.944,32.806,0.106,-0.16,0.959,-9,4,71,84449,82635
22681,22.681,2026-02-02 17:28:03.955000+00:00,0,0,61.0,61.0,98.0,18.696,28.247,75.97,100719.125,100912.031,100809.25,-90.125,102.781,28.127,27.949,32.807,0.109,-0.194,0.974,-61,26,31,84449,82635
22815,22.815,2026-02-02 17:28:04.089000+00:00,0,0,61.0,61.0,98.0,18.696,28.226,75.97,100795.547,100916.203,100808.953,-13.406,107.25,28.126,27.945,32.806,0.118,-0.131,0.949,31,102,116,84449,82635
22908,22.908,2026-02-02 17:28:04.182000+00:00,0,0,61.0,61.0,98.0,18.664,28.194,72.018,100921.406,100919.469,100808.922,112.484,110.547,28.126,27.946,32.812,0.094,-0.22,0.98,-109,35,30,85810,85482
22995,22.995,2026-02-02 17:28:04.269000+00:00,0,0,61.0,61.0,98.0,18.632,28.194,67.669,101034.938,100923.594,100808.766,226.172,114.828,28.126,27.943,32.81,0.102,-0.153,0.96,-5,57,41,85810,85482
23085,23.085,2026-02-02 17:28:04.359000+00:00,0,0,61.0,61.0,98.0,18.632,28.172,67.669,101074.688,100925.938,100809.078,265.609,116.859,28.117,27.95,32.815,0.111,-0.187,0.953,-55,35,30,82877,84686
23220,23.22,2026-02-02 17:28:04.494000+00:00,0,0,61.0,61.0,98.0,18.601,28.172,63.885,101100.453,100927.875,100809.172,291.281,118.703,28.127,27.949,32.815,0.103,-0.182,0.972,28,-22,67,82877,84686
23311,23.311,2026-02-02 17:28:04.585000+00:00,0,0,61.0,61.0,98.0,18.569,28.183,63.885,101122.406,100929.453,100808.859,313.547,120.594,28.122,27.942,32.817,0.1,-0.174,0.959,-22,63,9,82877,84686
23441,23.441,2026-02-02 17:28:04.715000+00:00,0,0,69.0,69.0,98.0,18.569,28.183,60.666,101133.609,100930.969,100808.547,325.063,122.422,28.123,27.944,32.822,0.097,-0.173,0.969,30,-20,3,75215,77158
23490,23.49,2026-02-02 17:28:04.764000+00:00,0,0,69.0,69.0,98.0,18.569,28.183,57.911,101139.406,100932.422,100808.906,330.5,123.516,28.116,27.946,32.818,0.1,-0.173,0.959,140,-34,54,75215,77158
23625,23.625,2026-02-02 17:28:04.899000+00:00,0,0,69.0,69.0,98.0,18.537,28.183,57.911,101143.391,100932.797,100808.703,334.688,124.094,28.112,27.953,32.822,0.107,-0.179,0.963,10,14,104,73064,75537
23717,23.717,2026-02-02 17:28:04.991000+00:00,0,0,69.0,69.0,98.0,18.569,28.172,55.661,101160.375,100933.406,100809.453,350.922,123.953,28.119,27.947,32.823,0.104,-0.164,0.954,3,5,0,73064,75537
23807,23.807,2026-02-02 17:28:05.081000+00:00,0,0,69.0,69.0,98.0,18.569,28.172,53.944,101153.891,100934.219,100809.313,344.578,124.906,28.12,27.944,32.825,0.109,-0.175,0.955,6,-34,61,73064,75537
23934,23.934,2026-02-02 17:28:05.208000+00:00,0,0,69.0,69.0,98.0,18.64,28.183,53.944,101058.531,100933.438,100809.031,249.5,124.406,28.123,27.949,32.826,0.09,-0.19,0.973,37,-15,77,79690,80419
24031,24.031,2026-02-02 17:28:05.305000+00:00,0,0,69.0,69.0,98.0,18.601,28.183,54.692,100985.109,100930.391,100809.078,176.031,121.313,28.122,27.952,32.823,0.117,-0.177,0.96,45,-54,-47,79690,80419
24097,24.097,2026-02-02 17:28:05.371000+00:00,0,0,69.0,69.0,98.0,18.601,28.204,54.692,100900.813,100929.453,100808.438,92.375,121.016,28.124,27.945,32.83,0.105,-0.147,0.952,32,16,-11,84840,83741
24186,24.186,2026-02-02 17:28:05.460000+00:00,0,0,69.0,69.0,98.0,18.601,28.215,57.232,100828.953,100928.234,100808.813,20.141,119.422,28.126,27.946,32.833,0.109,-0.172,0.964,3,-41,36,84840,83741
24300,24.3,2026-02-02 17:28:05.574000+00:00,0,0,69.0,69.0,98.0,18.632,28.215,60.772,100803.938,100927.734,100808.563,-4.625,119.172,28.125,27.951,32.836,0.126,-0.166,0.957,-18,-20,-46,84840,83741
24391,24.391,2026-02-02 17:28:05.665000+00:00,0,0,69.0,69.0,98.0,18.632,28.226,60.772,100756.906,100926.453,100808.766,-51.859,117.688,28.13,27.95,32.836,0.118,-0.154,0.956,35,3,-14,89301,85671
24497,24.497,2026-02-02 17:28:05.771000+00:00,0,0,70.0,70.0,98.0,18.632,28.258,64.099,100720.391,100925.125,100809.234,-88.844,115.891,28.126,27.95,32.84,0.116,-0.154,0.956,49,34,23,89301,85671
24571,24.571,2026-02-02 17:28:05.845000+00:00,0,0,70.0,70.0,98.0,18.664,28.258,64.099,100712.828,100923.359,100808.609,-95.781,114.75,28.125,27.951,32.842,0.104,-0.192,0.974,-72,11,-1,88124,84707
24704,24.704,2026-02-02 17:28:05.978000+00:00,0,0,70.0,70.0,98.0,18.664,28.247,66.784,100699.063,100921.469,100808.672,-109.609,112.797,28.126,27.953,32.844,0.106,-0.171,0.963,27,-14,23,88124,84707
24795,24.795,2026-02-02 17:28:06.069000+00:00,0,0,70.0,70.0,98.0,18.664,28.247,68.883,100675.953,100918.281,100809.125,-133.172,109.156,28.138,27.951,32.844,0.107,-0.175,0.968,-59,9,2,88124,84707
24885,24.885,2026-02-02 17:28:06.159000+00:00,0,0,70.0,70.0,98.0,18.696,28.269,68.883,100655.875,100916.078,100808.641,-152.766,107.438,28.136,27.955,32.842,0.121,-0.159,0.95,24,44,34,84847,82287
24985,24.985,2026-02-02 17:28:06.259000+00:00,0,0,70.0,70.0,98.0,18.696,28.269,70.79,100635.453,100913.906,100808.906,-173.453,105.0,28.136,27.955,32.843,0.102,-0.181,0.978,-116,19,-68,84847,82287
25109,25.109,2026-02-02 17:28:06.383000+00:00,0,0,70.0,70.0,98.0,18.696,28.269,72.514,100625.922,100911.875,100809.172,-183.25,102.703,28.138,27.955,32.85,0.081,-0.169,0.981,325,-195,226,83670,81704
25201,25.201,2026-02-02 17:28:06.475000+00:00,0,0,70.0,70.0,98.0,18.696,28.279,72.514,100619.734,100910.094,100808.828,-189.094,101.266,28.142,27.955,32.851,0.123,-0.186,0.96,-238,107,-235,83670,81704
25290,25.29,2026-02-02 17:28:06.564000+00:00,0,0,70.0,70.0,98.0,18.656,28.258,74.032,100623.453,100908.344,100808.75,-185.297,99.594,28.142,27.952,32.856,0.103,-0.146,0.966,83,-47,101,83670,81704
25380,25.38,2026-02-02 17:28:06.654000+00:00,0,0,70.0,70.0,98.0,18.664,28.258,74.978,100631.328,100907.797,100809.109,-177.781,98.688,28.141,27.958,32.853,0.107,-0.177,0.964,-7,-16,4,84003,82129
25516,25.516,2026-02-02 17:28:06.790000+00:00,0,0,78.0,78.0,98.0,18.664,28.247,74.978,100684.453,100907.922,100808.531,-124.078,99.391,28.142,27.957,32.854,0.119,-0.145,0.955,79,16,124,84003,82129
25605,25.605,2026-02-02 17:28:06.879000+00:00,0,0,78.0,78.0,98.0,18.664,28.247,74.925,100729.969,100909.344,100808.891,-78.922,100.453,28.146,27.955,32.858,0.122,-0.155,0.956,-210,72,4,87030,85282
25695,25.695,2026-02-02 17:28:06.969000+00:00,0,0,78.0,78.0,98.0,18.632,28.226,74.925,100768.984,100915.266,100809.188,-40.203,106.078,28.145,27.954,32.857,0.111,-0.16,0.964,-25,55,96,87030,85282
25785,25.785,2026-02-02 17:28:07.059000+00:00,0,0,78.0,78.0,98.0,18.601,28.215,71.972,100886.594,100918.797,100808.406,78.188,110.391,28.142,27.955,32.863,0.101,-0.188,0.978,-102,-22,10,87030,85282
25920,25.92,2026-02-02 17:28:07.194000+00:00,0,0,78.0,78.0,98.0,18.601,28.215,67.807,101001.156,100922.563,100808.938,192.219,113.625,28.132,27.958,32.867,0.112,-0.138,0.948,82,69,55,83371,83338
26017,26.017,2026-02-02 17:28:07.291000+00:00,0,0,78.0,78.0,98.0,18.569,28.194,67.807,101043.859,100925.375,100808.938,234.922,116.438,28.137,27.953,32.865,0.115,-0.188,0.961,-241,36,-70,83371,83338
26100,26.1,2026-02-02 17:28:07.374000+00:00,0,0,78.0,78.0,98.0,18.569,28.194,63.984,101072.906,100927.047,100808.828,264.078,118.219,28.138,27.954,32.865,0.102,-0.187,0.97,122,33,61,86575,86631
26191,26.191,2026-02-02 17:28:07.465000+00:00,0,0,78.0,78.0,98.0,18.537,28.194,60.757,101101.75,100928.938,100809.531,292.219,119.406,28.138,27.958,32.869,0.113,-0.185,0.96,-12,5,-26,86068,83981
26283,26.283,2026-02-02 17:28:07.557000+00:00,0,0,78.0,78.0,98.0,18.537,28.194,60.757,101118.156,100930.969,100808.719,309.438,122.25,28.133,27.956,32.873,0.101,-0.172,0.962,3,-3,45,86068,83981
26371,26.371,2026-02-02 17:28:07.645000+00:00,0,0,78.0,78.0,98.0,18.537,28.194,57.965,101132.625,100931.953,100808.734,323.891,123.219,28.137,27.956,32.869,0.117,-0.169,0.956,22,7,23,80879,82949
26506,26.506,2026-02-02 17:28:07.780000+00:00,0,0,77.0,77.0,98.0,18.545,28.194,57.965,101143.016,100933.5,100809.016,334.0,124.484,28.13,27.952,32.874,0.107,-0.163,0.964,-45,39,93,80879,82949
26596,26.596,2026-02-02 17:28:07.870000+00:00,0,0,77.0,77.0,98.0,18.537,28.183,55.44,101149.438,100935.219,100809.141,340.297,126.078,28.133,27.957,32.878,0.094,-0.187,0.971,-17,-24,-45,80879,82949
26685,26.685,2026-02-02 17:28:07.959000+00:00,0,0,77.0,77.0,98.0,18.537,28.183,53.525,101190.063,100935.109,100809.266,380.797,125.844,28.132,27.958,32.881,0.1,-0.185,0.961,-52,-17,1,73562,76074
26776,26.776,2026-02-02 17:28:08.050000+00:00,0,0,77.0,77.0,98.0,18.537,28.204,53.525,101206.063,100936.391,100809.406,396.656,126.984,28.133,27.96,32.876,0.104,-0.184,0.962,84,-20,53,73562,76074
26909,26.909,2026-02-02 17:28:08.183000+00:00,0,0,77.0,77.0,98.0,18.537,28.215,51.739,101088.969,100936.172,100808.938,280.031,127.234,28.129,27.96,32.877,0.105,-0.177,0.969,-38,3,-15,73849,75111
27005,27.005,2026-02-02 17:28:08.279000+00:00,0,0,77.0,77.0,98.0,18.537,28.215,53.631,100993.75,100934.547,100808.938,184.813,125.609,28.129,27.957,32.883,0.105,-0.183,0.975,157,-101,49,73849,75111
27088,27.088,2026-02-02 17:28:08.362000+00:00,0,0,77.0,77.0,98.0,18.569,28.204,53.631,100923.031,100931.109,100809.25,113.781,121.859,28.132,27.958,32.881,0.12,-0.164,0.953,25,-47,-92,82619,81049
27180,27.18,2026-02-02 17:28:08.454000+00:00,0,0,77.0,77.0,98.0,18.569,28.204,56.63,100844.422,100929.828,100809.422,35.0,120.406,28.134,27.96,32.879,0.091,-0.17,0.972,26,-56,-37,82619,81049
27315,27.315,2026-02-02 17:28:08.589000+00:00,0,0,77.0,77.0,98.0,18.601,28.226,56.63,100760.875,100928.688,100809.313,-48.438,119.375,28.145,27.956,32.888,0.129,-0.179,0.945,-1,-12,-1,82619,81049
27406,27.406,2026-02-02 17:28:08.680000+00:00,0,0,77.0,77.0,98.0,18.601,28.258,60.437,100714.063,100927.031,100808.875,-94.813,118.156,28.141,27.962,32.888,0.111,-0.176,0.965,22,-23,-32,82877,80328
27544,27.544,2026-02-02 17:28:08.818000+00:00,0,0,70.0,70.0,98.0,18.632,28.258,64.0,100670.75,100924.422,100809.516,-138.766,114.906,28.137,27.961,32.889,0.122,-0.172,0.953,-38,44,-8,82877,80328
27585,27.585,2026-02-02 17:28:08.859000+00:00,0,0,70.0,70.0,98.0,18.632,28.269,64.0,100652.422,100923.359,100809.5,-157.078,113.859,28.141,27.96,32.893,0.106,-0.18,0.965,39,-35,-26,83583,80729
27720,27.72,2026-02-02 17:28:08.994000+00:00,0,0,70.0,70.0,98.0,18.664,28.29,67.296,100645.453,100921.719,100809.078,-163.625,112.641,28.15,27.963,32.892,0.117,-0.174,0.955,13,21,-19,83583,80729
27810,27.81,2026-02-02 17:28:09.084000+00:00,0,0,70.0,70.0,98.0,18.664,28.29,69.851,100627.234,100920.109,100808.781,-181.547,111.328,28.151,27.965,32.892,0.103,-0.184,0.971,17,-18,35,83583,80729
27903,27.903,2026-02-02 17:28:09.177000+00:00,0,0,70.0,70.0,98.0,18.632,28.29,69.851,100619.25,100918.281,100809.547,-190.297,108.734,28.147,27.965,32.899,0.139,-0.176,0.945,63,-17,37,82321,80101
28020,28.02,2026-02-02 17:28:09.294000+00:00,0,0,70.0,70.0,98.0,18.664,28.29,71.904,100608.609,100915.656,100809.313,-200.703,106.344,28.154,27.963,32.897,0.115,-0.177,0.965,23,1,38,82321,80101
28129,28.129,2026-02-02 17:28:09.403000+00:00,0,0,70.0,70.0,98.0,18.664,28.29,71.904,100603.188,100913.953,100809.453,-206.266,104.5,28.154,27.962,32.899,0.111,-0.168,0.965,69,-35,7,84190,81912
28216,28.216,2026-02-02 17:28:09.490000+00:00,0,0,70.0,70.0,98.0,18.664,28.269,73.636,100597.719,100911.75,100809.016,-211.297,102.734,28.156,27.963,32.9,0.117,-0.165,0.961,2,-19,21,84190,81912
28306,28.306,2026-02-02 17:28:09.580000+00:00,0,0,70.0,70.0,98.0,18.664,28.269,74.902,100600.156,100910.516,100809.359,-209.203,101.156,28.159,27.965,32.9,0.116,-0.182,0.962,-108,34,-19,84190,81912
28396,28.396,2026-02-02 17:28:09.670000+00:00,0,0,70.0,70.0,98.0,18.664,28.258,74.902,100620.688,100909.984,100809.047,-188.359,100.938,28.152,27.969,32.906,0.114,-0.169,0.954,-107,33,-71,85871,83743
28552,28.552,2026-02-02 17:28:09.826000+00:00,0,0,70.0,70.0,98.0,18.664,28.258,75.772,100678.422,100910.109,100809.328,-130.906,100.781,28.157,27.961,32.907,0.144,-0.141,0.936,-22,-16,122,85871,83743
28577,28.577,2026-02-02 17:28:09.851000+00:00,0,0,70.0,70.0,98.0,18.632,28.258,75.772,100722.109,100912.844,100808.953,-86.844,103.891,28.152,27.965,32.91,0.132,-0.198,0.962,-121,76,4,77081,77524
28667,28.667,2026-02-02 17:28:09.941000+00:00,0,0,70.0,70.0,98.0,18.601,28.247,74.696,100765.875,100917.641,100808.797,-42.922,108.844,28.155,27.963,32.911,0.111,-0.188,0.963,107,33,101,82577,80436
28800,28.8,2026-02-02 17:28:10.074000+00:00,0,0,70.0,70.0,98.0,18.601,28.247,70.927,100913.531,100921.078,100808.656,104.875,112.422,28.155,27.969,32.919,0.107,-0.187,0.961,24,6,-22,82577,80436
28888,28.888,2026-02-02 17:28:10.162000+00:00,0,0,70.0,70.0,98.0,18.601,28.236,70.927,101012.234,100924.797,100808.891,203.344,115.906,28.163,27.967,32.917,0.11,-0.183,0.961,9,-26,-14,84210,85565
28981,28.981,2026-02-02 17:28:10.255000+00:00,0,0,70.0,70.0,98.0,18.601,28.215,66.701,101054.172,100926.563,100809.328,244.844,117.234,28.153,27.967,32.918,0.127,-0.167,0.953,-120,33,-35,84210,85565
29083,29.083,2026-02-02 17:28:10.357000+00:00,0,0,70.0,70.0,98.0,18.569,28.215,63.069,101089.188,100929.281,100808.672,280.516,120.609,28.148,27.968,32.92,0.116,-0.192,0.961,22,-169,-191,84210,85565
29206,29.206,2026-02-02 17:28:10.480000+00:00,0,0,70.0,70.0,98.0,18.537,28.226,63.069,101114.031,100930.625,100809.031,305.0,121.594,28.149,27.967,32.923,0.113,-0.194,0.959,-37,12,16,80876,83723
29295,29.295,2026-02-02 17:28:10.569000+00:00,0,0,70.0,70.0,98.0,18.537,28.194,60.017,101127.203,100932.5,100808.766,318.438,123.734,28.148,27.964,32.92,0.094,-0.224,0.982,9,-143,13,80876,83723
29386,29.386,2026-02-02 17:28:10.660000+00:00,0,0,70.0,70.0,98.0,18.537,28.194,57.377,101140.484,100933.344,100808.922,331.563,124.422,28.145,27.972,32.92,0.149,-0.181,0.944,54,63,-30,78053,81518
29575,29.575,2026-02-02 17:28:10.849000+00:00,0,0,70.0,70.0,98.0,18.537,28.215,57.377,101150.594,100934.938,100809.328,341.266,125.609,28.146,27.97,32.927,0.111,-0.21,0.967,-80,-74,35,78053,81518
29610,29.61,2026-02-02 17:28:10.884000+00:00,0,0,70.0,70.0,98.0,18.537,28.215,55.043,101156.266,100935.453,100809.344,346.922,126.109,28.138,27.965,32.926,0.135,-0.174,0.936,-48,101,-19,78053,81518
29700,29.7,2026-02-02 17:28:10.974000+00:00,0,0,70.0,70.0,98.0,18.537,28.215,55.043,101107.391,100935.984,100809.453,297.938,126.531,28.149,27.966,32.929,0.101,-0.217,0.974,91,-48,138,81145,83400
29791,29.791,2026-02-02 17:28:11.065000+00:00,0,0,70.0,70.0,98.0,18.569,28.215,53.937,100979.594,100934.063,100809.219,170.375,124.844,28.142,27.967,32.926,0.135,-0.187,0.953,24,-55,-7,81145,83400
29880,29.88,2026-02-02 17:28:11.154000+00:00,0,0,70.0,70.0,98.0,18.569,28.215,55.966,100941.484,100932.359,100809.469,132.016,122.891,28.148,27.971,32.93,0.127,-0.198,0.947,-1,-28,-6,88653,86136
30069,30.069,2026-02-02 17:28:11.343000+00:00,0,0,70.0,70.0,98.0,18.569,28.226,55.966,100883.422,100930.328,100808.797,74.625,121.531,28.145,27.975,32.935,0.131,-0.171,0.948,89,-10,-49,88653,86136
30105,30.105,2026-02-02 17:28:11.379000+00:00,0,0,70.0,70.0,98.0,18.569,28.247,58.774,100822.375,100929.0,100808.844,13.531,120.156,28.147,27.97,32.933,0.127,-0.196,0.962,44,-76,97,88653,86136
30195,30.195,2026-02-02 17:28:11.469000+00:00,0,0,70.0,70.0,98.0,18.601,28.247,62.336,100773.578,100927.141,100809.172,-35.594,117.969,28.153,27.966,32.935,0.134,-0.183,0.94,-139,48,-185,89700,86225
30285,30.285,2026-02-02 17:28:11.559000+00:00,0,0,70.0,70.0,98.0,18.601,28.258,62.336,100729.547,100925.891,100809.563,-80.016,116.328,28.149,27.97,32.937,0.117,-0.178,0.97,106,-36,118,89700,86225
30421,30.421,2026-02-02 17:28:11.695000+00:00,0,0,70.0,70.0,98.0,18.632,28.258,65.465,100700.141,100923.453,100809.0,-108.859,114.453,28.155,27.969,32.934,0.134,-0.208,0.959,-54,10,-24,86019,83244
30514,30.514,2026-02-02 17:28:11.788000+00:00,0,0,70.0,70.0,98.0,18.632,28.279,65.465,100674.969,100921.609,100809.031,-134.063,112.578,28.156,27.976,32.938,0.122,-0.184,0.96,72,-39,5,86019,83244
30610,30.61,2026-02-02 17:28:11.884000+00:00,0,0,66.0,66.0,98.0,18.632,28.301,68.226,100642.672,100920.922,100808.984,-166.313,111.938,28.158,27.971,32.94,0.141,-0.186,0.949,-92,21,-2,91176,86934
30690,30.69,2026-02-02 17:28:11.964000+00:00,0,0,66.0,66.0,98.0,18.664,28.301,70.736,100601.875,100918.844,100809.141,-207.266,109.703,28.165,27.969,32.941,0.134,-0.193,0.951,52,-10,39,91176,86934
30780,30.78,2026-02-02 17:28:12.054000+00:00,0,0,66.0,66.0,98.0,18.664,28.301,70.736,100601.922,100916.688,100808.953,-207.031,107.734,28.156,27.975,32.944,0.122,-0.188,0.958,-89,4,-23,91176,86934
30916,30.916,2026-02-02 17:28:12.190000+00:00,0,0,66.0,66.0,98.0,18.664,28.311,72.697,100605.25,100915.25,100809.094,-203.844,106.156,28.164,27.973,32.946,0.127,-0.193,0.958,57,-8,38,90402,86413
31007,31.007,2026-02-02 17:28:12.281000+00:00,0,0,66.0,66.0,98.0,18.656,28.311,74.193,100615.406,100913.078,100809.25,-193.844,103.828,28.164,27.974,32.948,0.127,-0.188,0.944,-93,56,-50,90402,86413
31098,31.098,2026-02-02 17:28:12.372000+00:00,0,0,66.0,66.0,98.0,18.656,28.29,74.193,100608.203,100911.922,100808.906,-200.703,103.016,28.169,27.973,32.949,0.141,-0.195,0.957,64,10,10,89911,85757
31185,31.185,2026-02-02 17:28:12.459000+00:00,0,0,66.0,66.0,98.0,18.664,28.29,75.154,100666.891,100912.484,100809.125,-142.234,103.359,28.174,27.979,32.954,0.14,-0.171,0.947,-5,-14,22,89911,85757
31321,31.321,2026-02-02 17:28:12.595000+00:00,0,0,66.0,66.0,98.0,18.664,28.301,75.154,100722.641,100915.125,100808.984,-86.344,106.141,28.17,27.98,32.953,0.14,-0.184,0.948,-6,-24,40,89911,85757
31412,31.412,2026-02-02 17:28:12.686000+00:00,0,0,66.0,66.0,98.0,18.664,28.269,74.109,100770.953,100918.875,100809.078,-38.125,109.797,28.174,27.978,32.955,0.147,-0.168,0.945,113,-58,170,90518,86437
31501,31.501,2026-02-02 17:28:12.775000+00:00,0,0,66.0,66.0,98.0,18.632,28.269,70.416,100888.375,100922.094,100808.813,79.563,113.281,28.162,27.975,32.958,0.142,-0.216,0.956,-250,56,-57,90518,86437
31617,31.617,2026-02-02 17:28:12.891000+00:00,0,0,52.0,52.0,98.0,18.632,28.258,70.416,100981.391,100925.047,100808.609,172.781,116.438,28.162,27.98,32.957,0.145,-0.169,0.937,237,-420,227,90518,86437
31681,31.681,2026-02-02 17:28:12.955000+00:00,0,0,52.0,52.0,98.0,18.632,28.247,66.433,101039.813,100927.641,100809.219,230.594,118.422,28.162,27.972,32.959,0.162,-0.198,0.946,-497,616,-406,84469,83662
31771,31.771,2026-02-02 17:28:13.045000+00:00,0,0,52.0,52.0,98.0,18.632,28.247,62.863,101056.109,100930.156,100809.172,246.938,120.984,28.16,27.977,32.965,0.1,-0.202,0.952,281,-496,362,84469,83662
31905,31.905,2026-02-02 17:28:13.179000+00:00,0,0,52.0,52.0,98.0,18.569,28.215,62.863,101080.234,100931.875,100808.734,271.5,123.141,28.156,27.981,32.959,0.164,-0.166,0.951,-532,392,-525,79691,79208
31995,31.995,2026-02-02 17:28:13.269000+00:00,0,0,52.0,52.0,98.0,18.569,28.215,59.727,101102.406,100933.188,100809.25,293.156,123.938,28.159,27.975,32.966,0.125,-0.294,0.953,-172,-412,801,79691,79208
32126,32.126,2026-02-02 17:28:13.400000+00:00,0,0,52.0,52.0,98.0,18.537,28.226,59.727,101116.422,100934.078,100809.016,307.406,125.063,28.161,27.98,32.966,0.207,-0.196,0.895,-1169,-246,1143,79691,79208
32176,32.176,2026-02-02 17:28:13.450000+00:00,0,0,52.0,52.0,98.0,18.569,28.247,57.278,101141.375,100934.547,100809.469,331.906,125.078,28.159,27.976,32.968,0.121,-0.141,0.982,1088,-380,2813,34915,40913
32311,32.311,2026-02-02 17:28:13.585000+00:00,0,0,52.0,52.0,98.0,18.569,28.247,55.646,101159.156,100935.125,100809.453,349.703,125.672,28.159,27.976,32.97,0.047,-0.321,0.979,-395,-640,1667,34915,40913
32399,32.399,2026-02-02 17:28:13.673000+00:00,0,0,52.0,52.0,98.0,18.569,28.236,55.646,101184.516,100935.5,100809.344,375.172,126.156,28.156,27.979,32.972,0.127,-0.374,0.925,953,-716,3258,89938,86229
32490,32.49,2026-02-02 17:28:13.764000+00:00,0,0,52.0,52.0,98.0,18.569,28.215,54.204,101178.547,100936.344,100809.25,369.297,127.094,28.158,27.979,32.972,0.203,-0.284,0.806,2474,-984,3551,89938,86229
32579,32.579,2026-02-02 17:28:13.853000+00:00,0,0,52.0,52.0,98.0,18.569,28.215,52.807,101149.422,100936.406,100809.422,340.0,126.984,28.163,27.977,32.973,0.105,-0.242,0.897,3116,458,3000,89938,86229
32724,32.724,2026-02-02 17:28:13.998000+00:00,0,0,49.0,49.0,98.0,18.601,28.247,52.807,101121.188,100936.781,100809.328,311.859,127.453,28.163,27.979,32.978,0.082,-0.046,0.925,2715,541,1252,0,0
32805,32.805,2026-02-02 17:28:14.079000+00:00,0,0,49.0,49.0,98.0,18.601,28.247,51.991,101105.594,100936.859,100809.406,296.188,127.453,28.159,27.97,32.979,-0.029,0.158,0.989,1711,653,786,0,0
32903,32.903,2026-02-02 17:28:14.177000+00:00,0,0,49.0,49.0,98.0,18.601,28.226,51.991,101088.594,100936.984,100809.922,278.672,127.063,28.156,27.97,32.978,0.021,0.238,0.911,2004,553,-305,82472,80544
32985,32.985,2026-02-02 17:28:14.259000+00:00,0,0,49.0,49.0,98.0,18.601,28.236,51.678,101072.234,100936.359,100809.797,262.438,126.563,28.155,27.974,32.978,0.02,0.394,0.921,613,359,-578,82472,80544
33173,33.173,2026-02-02 17:28:14.447000+00:00,0,0,49.0,49.0,98.0,18.632,28.236,51.617,101071.563,100934.813,100809.828,261.734,124.984,28.159,27.973,32.979,0.085,0.386,0.935,-774,131,268,82472,80544
33210,33.21,2026-02-02 17:28:14.484000+00:00,0,0,49.0,49.0,98.0,18.664,28.247,51.617,101071.0,100931.359,100810.281,260.719,121.078,28.155,27.979,32.982,0.084,0.267,0.858,890,34,-54,0,0
33299,33.299,2026-02-02 17:28:14.573000+00:00,0,0,49.0,49.0,98.0,18.696,28.236,51.274,101069.906,100931.313,100810.438,259.469,120.875,28.155,27.982,32.983,0.024,0.579,0.658,2302,-521,-195,0,0
33390,33.39,2026-02-02 17:28:14.664000+00:00,0,0,49.0,49.0,98.0,18.728,28.236,50.961,101064.234,100930.297,100810.375,253.859,119.922,28.16,27.979,32.987,0.05,0.399,0.914,1032,-101,-450,0,0
33481,33.481,2026-02-02 17:28:14.755000+00:00,0,0,49.0,49.0,98.0,18.728,28.236,50.961,101064.688,100930.547,100810.156,254.531,120.391,28.161,27.977,32.984,0.006,0.408,0.756,-223,316,-1525,0,0
33597,33.597,2026-02-02 17:28:14.871000+00:00,0,0,49.0,49.0,98.0,18.74,28.236,50.641,101070.984,100930.078,100810.063,260.922,120.016,28.149,27.981,32.989,-0.043,0.642,0.875,1914,-88,-261,0,0
33717,33.717,2026-02-02 17:28:14.991000+00:00,0,0,49.0,49.0,98.0,18.76,28.236,50.641,101078.125,100928.875,100810.438,267.688,118.438,28.163,27.979,32.989,-0.054,0.462,0.824,909,710,-477,0,0
33809,33.809,2026-02-02 17:28:15.083000+00:00,0,0,49.0,49.0,98.0,18.792,28.247,50.351,101082.25,100927.188,100810.594,271.656,116.594,28.164,27.979,32.997,0.208,0.639,0.976,387,-346,387,0,0
33884,33.884,2026-02-02 17:28:15.158000+00:00,0,0,49.0,49.0,98.0,18.792,28.247,50.0,101083.234,100925.969,100810.391,272.844,115.578,28.163,27.982,32.994,0.156,0.51,0.838,1068,-637,-1474,0,0
34028,34.028,2026-02-02 17:28:15.302000+00:00,0,0,49.0,49.0,98.0,18.792,28.236,50.0,101082.797,100925.969,100809.938,272.859,116.031,28.16,27.99,33.003,0.169,0.52,0.704,1303,-3029,-1683,0,0
34109,34.109,2026-02-02 17:28:15.383000+00:00,0,0,49.0,49.0,98.0,18.811,28.226,49.679,101087.063,100928.0,100809.688,277.375,118.313,28.157,27.982,32.997,0.177,0.539,0.596,80,-2266,-3609,0,0
34208,34.208,2026-02-02 17:28:15.482000+00:00,0,0,49.0,49.0,98.0,18.855,28.226,49.0,101091.063,100929.625,100809.797,281.266,119.828,28.161,27.983,33.003,0.09,0.561,0.62,-235,-3504,-2493,0,0
34289,34.289,2026-02-02 17:28:15.563000+00:00,0,0,49.0,49.0,98.0,18.855,28.236,49.0,101095.922,100931.031,100810.484,285.438,120.547,28.168,27.988,33.006,-0.247,0.548,0.783,-837,-1489,-4385,0,0
34397,34.397,2026-02-02 17:28:15.671000+00:00,0,0,49.0,49.0,98.0,18.887,28.236,48.535,101102.781,100932.547,100810.719,292.063,121.828,28.162,27.985,33.014,-0.229,0.505,0.864,-1181,-1351,-3074,0,0
34514,34.514,2026-02-02 17:28:15.788000+00:00,0,0,49.0,49.0,98.0,18.907,28.236,48.535,101108.422,100933.469,100811.016,297.406,122.453,28.17,27.982,33.025,0.042,0.542,0.859,-327,-3367,-220,0,0
34604,34.604,2026-02-02 17:28:15.878000+00:00,0,0,49.0,49.0,98.0,18.919,28.226,47.963,101112.188,100934.109,100811.141,301.047,122.969,28.164,27.985,33.033,-0.179,0.548,0.918,-1121,1335,-1763,0,0
34708,34.708,2026-02-02 17:28:15.982000+00:00,0,0,49.0,49.0,98.0,18.951,28.226,47.413,101112.891,100934.469,100811.219,301.672,123.25,28.173,27.991,33.04,0.184,0.549,0.837,-963,398,-1264,0,0
34785,34.785,2026-02-02 17:28:16.059000+00:00,0,0,49.0,49.0,98.0,18.983,28.247,47.413,101116.125,100935.797,100811.297,304.828,124.5,28.175,27.988,33.042,-0.196,0.439,0.908,-256,-828,41,0,0
34919,34.919,2026-02-02 17:28:16.193000+00:00,0,0,49.0,49.0,98.0,18.983,28.247,46.887,101121.75,100935.531,100811.0,310.75,124.531,28.169,27.992,33.045,0.127,0.44,0.868,617,-905,769,0,0
35010,35.01,2026-02-02 17:28:16.284000+00:00,0,0,49.0,49.0,98.0,19.014,28.258,46.383,101127.156,100936.141,100810.734,316.422,125.406,28.169,27.99,33.048,-0.057,0.443,0.817,-371,726,-102,0,0
35105,35.105,2026-02-02 17:28:16.379000+00:00,0,0,49.0,49.0,98.0,19.014,28.226,46.383,101128.656,100935.859,100811.234,317.422,124.625,28.176,27.984,33.052,0.079,0.489,0.818,-115,52,-574,0,0
35246,35.246,2026-02-02 17:28:16.520000+00:00,0,0,49.0,49.0,98.0,19.014,28.226,46.132,101130.391,100935.656,100811.094,319.297,124.563,28.175,27.992,33.057,-0.079,0.428,0.87,-355,592,-1050,0,0
35324,35.324,2026-02-02 17:28:16.598000+00:00,0,0,49.0,49.0,98.0,19.046,28.258,46.132,101130.719,100935.281,100811.313,319.406,123.969,28.174,27.992,33.062,-0.115,0.446,0.893,-98,-12,-207,0,0
35415,35.415,2026-02-02 17:28:16.689000+00:00,0,0,49.0,49.0,98.0,19.078,28.258,45.773,101132.859,100935.375,100810.563,322.297,124.813,28.173,27.992,33.063,-0.132,0.408,0.861,181,-44,-1001,0,0
35504,35.504,2026-02-02 17:28:16.778000+00:00,0,0,49.0,49.0,98.0,19.078,28.258,45.414,101134.141,100935.938,100811.547,322.594,124.391,28.177,27.99,33.074,-0.086,0.447,0.854,227,-612,-439,0,0
35595,35.595,2026-02-02 17:28:16.869000+00:00,0,0,49.0,49.0,98.0,19.11,28.226,45.414,101137.453,100935.484,100810.922,326.531,124.563,28.179,27.99,33.068,-0.066,0.454,0.867,328,-458,-273,0,0
35743,35.743,2026-02-02 17:28:17.017000+00:00,0,0,49.0,49.0,98.0,19.11,28.258,45.086,101144.063,100935.219,100811.281,332.781,123.938,28.175,27.991,33.07,-0.004,0.482,0.843,35,-126,-517,0,0
35774,35.774,2026-02-02 17:28:17.048000+00:00,0,0,49.0,49.0,98.0,19.11,28.258,44.652,101147.594,100935.844,100811.047,336.547,124.797,28.178,27.988,33.08,-0.16,0.419,0.845,-58,-71,-293,0,0
35908,35.908,2026-02-02 17:28:17.182000+00:00,0,0,49.0,49.0,98.0,19.174,28.247,44.652,101151.156,100935.828,100811.234,339.922,124.594,28.175,27.996,33.071,-0.097,0.452,0.87,139,-475,69,0,0
