Elapsed Time (ms),Timestamp,Ambient Temperature,Ambient Humidity,Heart Rate (bpm),SpO2 (%),HRV SDNN (ms),Lung Volume (L),O2 (%),CO2 (%),RER (ΔCO₂/ΔO₂),Pressure BMP A (Pa),Pressure BMP B (Pa),Pressure BMP C Ambient (Pa),Pressure Diff A-C (Pa),Pressure Diff B-C (Pa),Temperature BMP A (°C),Temperature BMP B (°C),Temperature BMP C (°C),IMU X (m/s²),IMU Y (m/s²),IMU Z (m/s²),BMI Gyro X (°/s),BMI Gyro Y (°/s),BMI Gyro Z (°/s),PPG IR,PPG Red,Battery State (%)
0,2026-02-02T17:27:41.274Z,28.076,47.459,,,,4.5,20.226,0,0.7,100670.906,100968.313,100809.813,-138.906,158.5,27.995,27.851,32.387,0.139,-0.307,0.898,230,45,-86,105625,85832,0
91,2026-02-02T17:27:41.365Z,28.129,47.459,,,,4.5,20.226,0,0.7,100665.859,100964.219,100809.688,-143.828,154.531,28.008,27.851,32.383,0.15,-0.303,0.923,-26,-155,-7,110983,88298,0
227,2026-02-02T17:27:41.501Z,28.129,53.525,,,,4.5,20.226,0,0.7,100652.109,100958.766,100809.656,-157.547,149.109,28.003,27.857,32.391,0.144,-0.333,0.923,117,-16,-163,110983,88298,0
317,2026-02-02T17:27:41.591Z,28.183,53.525,,,,4.5,20.226,0,0.7,100636.016,100957.609,100809.531,-173.516,148.078,28.01,27.853,32.39,0.144,-0.315,0.924,-54,-98,158,111385,88470,0
414,2026-02-02T17:27:41.688Z,28.161,58.163,,,,4.5,20.226,0,0.7,100625.219,100956.109,100809.859,-184.641,146.25,28.011,27.851,32.392,0.153,-0.292,0.919,8,-72,-17,111385,88470,0
495,2026-02-02T17:27:41.769Z,28.161,62.237,,,,4.5,20.226,0,0.7,100606.188,100954.016,100809.422,-203.234,144.594,28.013,27.853,32.396,0.173,-0.323,0.919,36,51,-114,111385,88470,0
585,2026-02-02T17:27:41.859Z,28.151,62.237,,,,4.5,20.226,0,0.7,100601.719,100952.297,100809.5,-207.781,142.797,28.014,27.85,32.397,0.161,-0.323,0.924,-53,-8,-16,111984,88802,0
699,2026-02-02T17:27:41.973Z,28.172,65.373,,,,4.5,20.226,0,0.7,100602.25,100950.484,100809.734,-207.484,140.75,28.016,27.856,32.401,0.163,-0.308,0.916,-7,33,-1,111984,88802,0
787,2026-02-02T17:27:42.061Z,28.172,65.373,,,,4.5,20.195,0,0.7,100590.563,100947.844,100809.656,-219.094,138.188,28.015,27.854,32.399,0.147,-0.307,0.927,42,1,104,111656,88492,0
901,2026-02-02T17:27:42.175Z,28.161,67.814,,,,4.5,20.163,0,0.7,100586.453,100944.203,100809.297,-222.844,134.906,28.017,27.852,32.401,0.158,-0.314,0.922,-52,43,-19,111656,88492,0
990,2026-02-02T17:27:42.264Z,28.161,70.118,,,,4.5,20.163,0,0.7,100586.219,100942,100809.703,-223.484,132.297,28.021,27.863,32.401,0.163,-0.315,0.919,-17,0,-29,111656,88492,0
1103,2026-02-02T17:27:42.377Z,28.151,70.118,,,,4.5,20.163,0,0.7,100576.25,100939.922,100809.656,-233.406,130.266,28.023,27.863,32.408,0.168,-0.322,0.91,49,-4,56,111400,88472,0
1171,2026-02-02T17:27:42.445Z,28.151,72.163,,,,4.5,20.163,0,0.7,100582.484,100939.109,100809.547,-227.063,129.563,28.023,27.859,32.407,0.142,-0.316,0.938,-21,-10,59,111400,88472,0
1351,2026-02-02T17:27:42.625Z,28.151,72.163,,,,4.5,20.099,0,0.7,100602.609,100938.453,100809.563,-206.953,128.891,28.031,27.862,32.411,0.15,-0.32,0.925,-18,-30,82,104857,84174,0
1400,2026-02-02T17:27:42.674Z,28.14,73.72,,,,4.5,20.067,0,0.7,100663.938,100940.297,100809.406,-145.469,130.891,28.028,27.859,32.414,0.16,-0.311,0.913,73,-8,127,104857,84174,0
1489,2026-02-02T17:27:42.763Z,28.14,73.918,,,,4.5,20.035,0,0.7,100718.734,100944.156,100809.094,-90.359,135.063,28.024,27.864,32.416,0.167,-0.33,0.921,-35,55,-26,104857,84174,0
1619,2026-02-02T17:27:42.893Z,28.118,73.918,,,,4.5,20.003,0,0.7,100821.734,100952.422,100809.281,12.453,143.141,28.023,27.856,32.421,0.161,-0.332,0.918,56,39,289,102924,83175,0
1711,2026-02-02T17:27:42.985Z,28.076,70.027,,,,4.5,19.972,0,0.7,100986.297,100957.25,100809.219,177.078,148.031,28.025,27.857,32.42,0.151,-0.312,0.927,18,84,-146,102924,83175,0
1801,2026-02-02T17:27:43.075Z,28.076,65.159,,,,4.5,19.94,0,0.7,101075.297,100961.156,100809.031,266.266,152.125,28.021,27.858,32.421,0.137,-0.313,0.922,183,20,-305,103003,83144,0
1910,2026-02-02T17:27:43.184Z,28.076,65.159,,,,4.5,19.876,0,0.7,101132.391,100965.578,100808.859,323.531,156.719,28.016,27.867,32.424,0.143,-0.317,0.92,95,41,316,103003,83144,0
2024,2026-02-02T17:27:43.298Z,28.065,60.879,,,,4.5,19.844,0,0.7,101152.641,100966.719,100809.25,343.391,157.469,28.024,27.862,32.426,0.139,-0.291,0.931,90,118,-23,103003,83144,0
2119,2026-02-02T17:27:43.393Z,28.065,57.301,,,,4.5,19.844,0,0.7,101166.078,100969.094,100808.984,357.094,160.109,28.012,27.858,32.425,0.139,-0.287,0.936,199,117,-15,102770,82714,0
2205,2026-02-02T17:27:43.479Z,28.076,57.301,,,,4.5,19.812,0,0.7,101180.172,100970.234,100808.797,371.375,161.438,28.019,27.856,32.426,0.123,-0.293,0.931,-218,49,12,102770,82714,0
2295,2026-02-02T17:27:43.569Z,28.076,54.219,,,,4.5,19.812,0,0.7,101184.203,100970.656,100808.938,375.266,161.719,28.006,27.864,32.431,0.161,-0.303,0.928,125,185,97,101221,82104,0
2385,2026-02-02T17:27:43.659Z,28.065,54.219,,,,4.5,19.781,0,0.7,101184.531,100971.469,100809.047,375.484,162.422,28.013,27.858,32.426,0.137,-0.285,0.927,199,284,18,102824,83144,0
2503,2026-02-02T17:27:43.777Z,28.054,51.571,,,,4.5,19.781,0,0.7,101185.875,100972.328,100809.453,376.422,162.875,28.011,27.859,32.435,0.113,-0.264,0.938,377,302,-489,102824,83144,0
2632,2026-02-02T17:27:43.906Z,28.054,49.443,,,,4.5,19.781,0,0.7,101184.203,100971.922,100809.047,375.156,162.875,28.009,27.865,32.435,0.034,-0.235,0.971,258,150,177,100538,81582,0
2700,2026-02-02T17:27:43.974Z,28.054,49.443,,,,4.5,19.781,0,0.7,101197.438,100968.719,100808.594,388.844,160.125,28.01,27.858,32.435,0.089,-0.246,0.939,25,283,43,100538,81582,0
2791,2026-02-02T17:27:44.065Z,28.054,48.077,,,,4.5,19.781,0,0.7,101056.844,100966.984,100809.516,247.328,157.469,28.01,27.86,32.434,0.092,-0.216,0.946,299,44,-277,104016,83572,0
2880,2026-02-02T17:27:44.154Z,28.076,50.496,,,,4.5,19.801,0,0.7,100925.766,100949.484,100809.469,116.297,140.016,28.011,27.86,32.437,0.085,-0.237,0.955,-11,-41,-311,104016,83572,0
2997,2026-02-02T17:27:44.271Z,28.097,50.496,120,97,,4.5,19.781,0,0.7,100714.125,100951.297,100809.359,-95.234,141.938,28.014,27.86,32.438,0.086,-0.214,0.946,22,-46,-210,104016,83572,0
3104,2026-02-02T17:27:44.378Z,28.097,56.271,120,97,,4.5,19.781,0,0.7,100605.625,100950.609,100808.469,-202.844,142.141,28.024,27.863,32.439,0.067,-0.206,0.959,-51,-11,98,109232,85670,0
3195,2026-02-02T17:27:44.469Z,28.161,56.271,120,97,,4.5,19.812,0,0.7,100559.141,100948.359,100809.328,-250.188,139.031,28.026,27.859,32.445,0.079,-0.211,0.957,-32,-28,-28,109232,85670,0
3290,2026-02-02T17:27:44.564Z,28.194,61.917,120,97,,4.5,19.812,0,0.7,100549.344,100946.625,100809.016,-259.672,137.609,28.035,27.863,32.44,0.08,-0.226,0.961,-28,-59,39,109301,85521,0
3422,2026-02-02T17:27:44.696Z,28.194,66.227,120,97,,4.5,19.812,0,0.7,100552.047,100944.938,100808.828,-256.781,136.109,28.037,27.864,32.443,0.093,-0.222,0.99,329,-82,-164,109301,85521,0
3511,2026-02-02T17:27:44.785Z,28.194,66.227,120,97,,4.5,19.812,0,0.7,100543.828,100943.75,100808.813,-264.984,134.938,28.029,27.871,32.449,0.085,-0.209,0.979,408,-23,63,109301,85521,0
3600,2026-02-02T17:27:44.874Z,28.226,69.783,120,97,,4.5,19.812,0,0.7,100534.375,100941.438,100809.063,-274.688,132.375,28.039,27.87,32.45,0.078,-0.164,0.926,912,-98,124,109747,85347,0
3690,2026-02-02T17:27:44.964Z,28.226,72.659,120,97,,4.5,19.781,0,0.7,100529.594,100938.672,100809.047,-279.453,129.625,28.047,27.867,32.451,0.096,-0.188,0.953,-603,208,-103,109747,85347,0
3824,2026-02-02T17:27:45.098Z,28.226,72.659,120,97,,4.5,19.781,0,0.7,100523.078,100934.5,100808.781,-285.703,125.719,28.043,27.864,32.454,0.101,-0.194,0.958,24,-154,-89,110212,85222,0
3915,2026-02-02T17:27:45.189Z,28.226,75.116,120,97,,4.5,19.781,0,0.7,100523.344,100926.734,100808.969,-285.625,117.766,28.052,27.866,32.453,0.095,-0.201,0.962,91,-62,195,110212,85222,0
4016,2026-02-02T17:27:45.290Z,28.215,75.116,120,97,,4.5,19.741,0,0.7,100514.813,100916.703,100808.906,-294.094,107.797,28.048,27.867,32.452,0.128,-0.2,0.959,-32,4,45,110212,85222,0
4094,2026-02-02T17:27:45.368Z,28.226,77.275,120,97,,4.5,19.757,0,0.7,100495.906,100904.297,100808.984,-313.078,95.313,28.055,27.866,32.458,0.096,-0.187,0.958,255,33,223,110063,85135,0
4185,2026-02-02T17:27:45.459Z,28.226,79.228,120,97,,4.5,19.717,0,0.7,100490.516,100900.5,100809.219,-318.703,91.281,28.048,27.876,32.464,0.093,-0.186,0.955,-224,43,-218,110063,85135,0
4276,2026-02-02T17:27:45.550Z,28.204,79.228,120,97,,4.5,19.717,0,0.7,100490.188,100900.391,100809.453,-319.266,90.938,28.048,27.877,32.463,0.06,-0.204,0.999,10,135,-11,110140,85130,0
4368,2026-02-02T17:27:45.642Z,28.236,81.051,120,97,,4.5,19.653,0,0.7,100497.313,100899.031,100809.531,-312.219,89.5,28.054,27.883,32.465,0.099,-0.187,0.961,-152,-20,-124,110140,85130,0
4500,2026-02-02T17:27:45.774Z,28.236,82.318,120,97,,4.5,19.653,0,0.7,100553.422,100897.578,100809.406,-255.984,88.172,28.055,27.888,32.466,0.052,-0.156,1,-30,43,-361,110140,85130,0
4589,2026-02-02T17:27:45.863Z,28.204,82.318,120,97,,4.5,19.59,0,0.7,100632.359,100904.156,100808.891,-176.531,95.266,28.053,27.885,32.467,0.145,-0.188,0.906,-2,160,354,109276,84807,0
4680,2026-02-02T17:27:45.954Z,28.204,81.395,120,97,,4.5,19.59,0,0.7,100881.5,100905.469,100808.563,72.938,96.906,28.056,27.884,32.471,0.092,-0.184,0.958,357,-688,382,109276,84807,0
4771,2026-02-02T17:27:46.045Z,28.118,81.395,120,97,,4.5,19.558,0,0.7,101005.438,100907.078,100808.609,196.828,98.469,28.05,27.885,32.471,0.094,-0.211,0.968,-447,263,-486,109769,84683,0
4908,2026-02-02T17:27:46.182Z,28.097,76.558,120,97,,4.5,19.494,0,0.7,101092.938,100911.25,100809.094,283.844,102.156,28.042,27.88,32.475,0.101,-0.195,0.96,170,74,61,109769,84683,0
4994,2026-02-02T17:27:46.268Z,28.097,71.515,120,97,,4.5,19.462,0,0.7,101131.078,100913.781,100808.391,322.688,105.391,28.041,27.872,32.476,0.132,-0.217,0.933,-105,-59,-62,109769,84683,0
5083,2026-02-02T17:27:46.357Z,28.086,71.515,67,98,,4.5,19.462,0,0.7,101178.922,100915.953,100809.031,369.891,106.922,28.043,27.875,32.48,0.099,-0.196,0.961,273,-210,139,110037,85142,0
5175,2026-02-02T17:27:46.449Z,28.076,67.097,67,98,,4.5,19.43,0,0.7,101185.656,100918.813,100808.969,376.688,109.844,28.04,27.879,32.482,0.102,-0.194,0.949,-137,155,-439,110037,85142,0
5310,2026-02-02T17:27:46.584Z,28.076,67.097,67,98,,4.5,19.462,0,0.7,101194.516,100921.313,100809.328,385.188,111.984,28.042,27.88,32.481,0.073,-0.184,0.965,-96,90,-94,107228,83664,0
5446,2026-02-02T17:27:46.720Z,28.054,63.374,67,98,,4.5,19.391,0,0.7,101194.063,100923.875,100809.063,385,114.813,28.043,27.879,32.482,0.125,-0.2,0.942,-95,79,-88,108760,84482,0
5490,2026-02-02T17:27:46.764Z,28.054,60.307,67,98,,4.5,19.391,0,0.7,101191.297,100926.125,100809.563,381.734,116.563,28.044,27.877,32.485,0.097,-0.204,0.965,-71,-12,114,108760,84482,0
5601,2026-02-02T17:27:46.875Z,28.065,60.307,67,98,,4.5,19.399,0,0.7,101200.344,100927.203,100809.281,391.063,117.922,28.043,27.875,32.485,0.105,-0.196,0.947,290,-113,286,104469,82060,0
5715,2026-02-02T17:27:46.989Z,28.086,57.881,67,98,,4.5,19.43,0,0.7,101209.609,100928.703,100809.172,400.438,119.531,28.033,27.88,32.489,0.099,-0.209,0.961,-20,-56,115,104469,82060,0
5805,2026-02-02T17:27:47.079Z,28.086,56.325,67,98,,4.5,19.399,0,0.7,101054.781,100928.141,100809.719,245.063,118.422,28.044,27.876,32.488,0.096,-0.213,0.963,-2,-25,193,104379,81602,0
5895,2026-02-02T17:27:47.169Z,28.076,56.325,67,98,,4.5,19.43,0,0.7,100998.109,100924.172,100808.859,189.25,115.313,28.037,27.885,32.49,0.145,-0.228,0.962,68,7,-156,104379,81602,0
5983,2026-02-02T17:27:47.257Z,28.108,57.919,67,98,,4.5,19.43,0,0.7,100930.938,100921.547,100809.313,121.625,112.234,28.043,27.882,32.492,0.111,-0.188,0.935,57,44,-16,104379,81602,0
6164,2026-02-02T17:27:47.438Z,28.108,57.919,61,97,,4.5,19.43,0,0.7,100868.859,100921.297,100809.156,59.703,112.141,28.044,27.881,32.495,0.103,-0.183,0.943,41,28,-52,100152,78606,0
6209,2026-02-02T17:27:47.483Z,28.14,61.825,61,97,,4.5,19.462,0,0.7,100710.641,100920.766,100809.578,-98.938,111.188,28.043,27.88,32.497,0.103,-0.216,0.966,67,-54,120,100152,78606,0
6299,2026-02-02T17:27:47.573Z,28.14,65.96,61,97,,4.5,19.462,0,0.7,100684.547,100920.156,100809.578,-125.031,110.578,28.043,27.882,32.501,0.111,-0.2,0.967,115,-164,58,100275,78855,0
6390,2026-02-02T17:27:47.664Z,28.183,65.96,61,97,,4.5,19.462,0,0.7,100650.016,100918.672,100809.234,-159.219,109.438,28.044,27.882,32.5,0.102,-0.182,0.96,18,19,-25,100275,78855,0
6501,2026-02-02T17:27:47.775Z,28.183,69.134,61,97,,4.5,19.462,0,0.7,100617.375,100917.391,100809.047,-191.672,108.344,28.058,27.882,32.504,0.104,-0.192,0.962,86,64,20,100275,78855,0
6571,2026-02-02T17:27:47.845Z,28.183,71.751,61,97,,4.5,19.462,0,0.7,100607.031,100915.469,100809.375,-202.344,106.094,28.054,27.881,32.504,0.097,-0.194,0.979,9,18,29,100339,78754,0
6707,2026-02-02T17:27:47.981Z,28.183,71.751,61,97,,4.5,19.494,0,0.7,100603.891,100913.516,100809.234,-205.344,104.281,28.053,27.889,32.504,0.113,-0.189,0.959,49,-15,33,100339,78754,0
6796,2026-02-02T17:27:48.070Z,28.183,73.918,61,97,,4.5,19.462,0,0.7,100600.703,100911.938,100809.422,-208.719,102.516,28.054,27.882,32.504,0.107,-0.186,0.967,151,-36,26,102499,79720,0
6906,2026-02-02T17:27:48.180Z,28.183,75.49,61,97,,4.5,19.462,0,0.7,100587.719,100909.406,100809.266,-221.547,100.141,28.055,27.884,32.508,0.115,-0.191,0.954,-91,47,19,102499,79720,0
6974,2026-02-02T17:27:48.248Z,28.183,75.49,61,97,,4.5,19.462,0,0.7,100575.078,100907.219,100809.125,-234.047,98.094,28.06,27.887,32.509,0.105,-0.197,0.969,-5,47,-105,102499,79720,0
7110,2026-02-02T17:27:48.384Z,28.183,77.092,65,97,,4.5,19.43,0,0.7,100573.859,100906.172,100809.641,-235.781,96.531,28.066,27.889,32.516,0.107,-0.187,0.958,-4,-30,103,102036,79207,0
7200,2026-02-02T17:27:48.474Z,28.172,77.092,65,97,,4.5,19.391,0,0.7,100573.234,100904.781,100809.453,-236.219,95.328,28.06,27.891,32.517,0.111,-0.183,0.97,56,-50,93,102036,79207,0
7291,2026-02-02T17:27:48.565Z,28.161,78.297,65,97,,4.5,19.399,0,0.7,100576.016,100904.188,100809.625,-233.609,94.563,28.066,27.887,32.516,0.107,-0.2,0.963,-178,32,-146,101834,78915,0
7380,2026-02-02T17:27:48.654Z,28.161,79.205,65,97,,4.5,19.367,0,0.7,100575.906,100902.547,100808.984,-233.078,93.563,28.065,27.893,32.522,0.124,-0.183,0.95,38,24,-30,100705,78925,0
7515,2026-02-02T17:27:48.789Z,28.172,79.205,65,97,,4.5,19.335,0,0.7,100579.813,100902.172,100809.078,-229.266,93.094,28.064,27.893,32.526,0.097,-0.207,0.978,-22,-44,18,100705,78925,0
7605,2026-02-02T17:27:48.879Z,28.183,79.884,65,97,,4.5,19.263,0,0.7,100648.109,100903.359,100808.859,-160.75,94.5,28.069,27.89,32.522,0.113,-0.196,0.953,53,-86,109,98017,76166,0
7695,2026-02-02T17:27:48.969Z,28.183,78.587,65,97,,4.5,19.263,0,0.7,100692.547,100906.984,100809,-116.453,97.984,28.068,27.883,32.528,0.128,-0.2,0.954,23,104,-6,98017,76166,0
7784,2026-02-02T17:27:49.058Z,28.14,78.587,65,97,,4.5,19.271,0,0.7,100805.453,100912.875,100808.5,-3.047,104.375,28.07,27.89,32.528,0.111,-0.178,0.962,-30,31,94,98017,76166,0
7898,2026-02-02T17:27:49.172Z,28.14,74.063,65,97,,4.5,19.237,0,0.7,100958.391,100917.359,100809.047,149.344,108.313,28.058,27.889,32.527,0.118,-0.2,0.961,-4,82,98,93401,73755,0
8011,2026-02-02T17:27:49.285Z,28.108,74.063,65,97,,4.5,19.205,0,0.7,101041.438,100920.625,100808.719,232.719,111.906,28.061,27.889,32.53,0.103,-0.192,0.963,-30,84,-85,93401,73755,0
8111,2026-02-02T17:27:49.385Z,28.108,69.394,63,96,,4.5,19.166,0,0.7,101079.766,100923.531,100808.844,270.922,114.688,28.053,27.887,32.534,0.08,-0.23,0.981,-33,-71,-2,90898,72437,0
8191,2026-02-02T17:27:49.465Z,28.108,65.388,63,96,,4.5,19.142,0,0.7,101104.719,100926.234,100808.75,295.969,117.484,28.056,27.889,32.537,0.102,-0.191,0.963,-62,21,-65,90898,72437,0
8280,2026-02-02T17:27:49.554Z,28.118,65.388,63,96,,4.5,19.122,0,0.7,101118.906,100926.781,100809.016,309.891,117.766,28.051,27.888,32.541,0.119,-0.189,0.941,63,44,31,79901,68001,0
8415,2026-02-02T17:27:49.689Z,28.118,61.924,63,96,,4.5,19.11,0,0.7,101128.125,100929.906,100808.828,319.297,121.078,28.06,27.893,32.536,0.099,-0.194,0.97,-25,-30,58,79901,68001,0
8505,2026-02-02T17:27:49.779Z,28.086,59.056,63,96,,4.5,19.11,0,0.7,101141.063,100931.266,100809.172,331.891,122.094,28.046,27.895,32.543,0.114,-0.2,0.951,116,-34,21,79901,68001,0
8595,2026-02-02T17:27:49.869Z,28.108,59.056,63,96,,4.5,19.078,0,0.7,101147.922,100932.406,100808.391,339.531,124.016,28.058,27.887,32.542,0.114,-0.191,0.944,-23,35,-1,74665,65993,0
8685,2026-02-02T17:27:49.959Z,28.108,56.576,63,96,,4.5,19.078,0,0.7,101152.719,100932.719,100808.813,343.906,123.906,28.057,27.89,32.542,0.12,-0.198,0.95,287,-60,166,74665,65993,0
8821,2026-02-02T17:27:50.095Z,28.097,56.576,63,96,,4.5,19.078,0,0.7,101171.406,100933.859,100808.844,362.563,125.016,28.053,27.891,32.539,0.115,-0.197,0.943,-116,33,3,74200,63267,0
8911,2026-02-02T17:27:50.185Z,28.097,54.684,63,96,,4.5,19.078,0,0.7,101048.922,100933.906,100808.625,240.297,125.281,28.054,27.892,32.551,0.103,-0.197,0.969,78,-53,157,74200,63267,0
9000,2026-02-02T17:27:50.274Z,28.097,55.523,63,96,,4.5,19.078,0,0.7,100951.188,100929.563,100808.891,142.297,120.672,28.049,27.893,32.548,0.139,-0.194,0.944,40,-18,-72,74200,63267,0
9115,2026-02-02T17:27:50.389Z,28.108,55.523,57,96,,4.5,19.11,0,0.7,100892.484,100929.156,100808.781,83.703,120.375,28.053,27.893,32.55,0.094,-0.18,0.952,122,38,-19,71757,60013,0
9226,2026-02-02T17:27:50.500Z,28.108,59.43,57,96,,4.5,19.122,0,0.7,100822.188,100925.938,100808.938,13.25,117,28.058,27.892,32.556,0.104,-0.191,0.977,1,-51,-46,71757,60013,0
9272,2026-02-02T17:27:50.546Z,28.172,59.43,57,96,,4.5,19.142,0,0.7,100733.188,100925.141,100809.047,-75.859,116.094,28.066,27.895,32.552,0.122,-0.17,0.946,-21,-14,-74,71757,60013,0
9405,2026-02-02T17:27:50.679Z,28.172,63.214,57,96,,4.5,19.142,0,0.7,100700.125,100921.813,100808.469,-108.344,113.344,28.063,27.887,32.562,0.115,-0.175,0.96,87,-27,79,71933,61914,0
9495,2026-02-02T17:27:50.769Z,28.172,66.464,57,96,,4.5,19.142,0,0.7,100683.438,100919.813,100808.641,-125.203,111.172,28.065,27.888,32.555,0.124,-0.177,0.954,-13,44,-11,71933,61914,0
9585,2026-02-02T17:27:50.859Z,28.172,66.464,57,96,,4.5,19.142,0,0.7,100667.016,100918.297,100809.469,-142.453,108.828,28.066,27.896,32.56,0.107,-0.178,0.969,15,-25,61,73968,63402,0
9674,2026-02-02T17:27:50.948Z,28.194,69.096,57,96,,4.5,19.174,0,0.7,100650.844,100916.031,100809.188,-158.344,106.844,28.064,27.894,32.564,0.123,-0.178,0.957,28,11,-23,73968,63402,0
9808,2026-02-02T17:27:51.082Z,28.194,71.11,57,96,,4.5,19.174,0,0.7,100638.078,100914.063,100809.109,-171.031,104.953,28.069,27.893,32.564,0.118,-0.176,0.955,75,-25,53,73968,63402,0
9899,2026-02-02T17:27:51.173Z,28.172,71.11,57,96,,4.5,19.174,0,0.7,100621.141,100911.969,100809.078,-187.938,102.891,28.065,27.895,32.563,0.101,-0.183,0.965,13,108,-9,72452,63562,0
10011,2026-02-02T17:27:51.285Z,28.172,72.827,57,96,,4.5,19.174,0,0.7,100602.656,100911.031,100809.25,-206.594,101.781,28.069,27.898,32.575,0.128,-0.163,0.954,69,-7,20,72452,63562,0
10139,2026-02-02T17:27:51.413Z,28.183,72.827,53,96,,4.5,19.174,0,0.7,100595.141,100908.5,100808.813,-213.672,99.688,28.068,27.893,32.576,0.104,-0.184,0.975,14,-11,14,71664,63401,0
10216,2026-02-02T17:27:51.490Z,28.204,74.421,53,96,,4.5,19.142,0,0.7,100596.063,100907.25,100808.5,-212.438,98.75,28.078,27.899,32.571,0.137,-0.174,0.946,2,33,-19,71664,63401,0
10305,2026-02-02T17:27:51.579Z,28.204,75.612,53,96,,4.5,19.11,0,0.7,100603.203,100906.078,100808.797,-205.594,97.281,28.081,27.9,32.573,0.106,-0.18,0.966,10,10,7,71664,63401,0
10395,2026-02-02T17:27:51.669Z,28.183,75.612,53,96,,4.5,19.11,0,0.7,100627.5,100905.813,100808.688,-181.188,97.125,28.078,27.902,32.578,0.116,-0.179,0.953,-46,-22,26,70096,62887,0
10486,2026-02-02T17:27:51.760Z,28.194,76.527,53,96,,4.5,19.11,0,0.7,100652.75,100904.563,100809.391,-156.641,95.172,28.083,27.903,32.578,0.12,-0.169,0.953,-178,61,-24,70096,62887,0
10575,2026-02-02T17:27:51.849Z,28.194,76.359,53,96,,4.5,19.078,0,0.7,100712.156,100906.172,100808.625,-96.469,97.547,28.082,27.901,32.582,0.111,-0.19,0.975,77,41,93,69337,62755,0
10665,2026-02-02T17:27:51.939Z,28.172,76.359,53,96,,4.5,19.078,0,0.7,100740.672,100911.688,100808.234,-67.563,103.453,28.075,27.905,32.587,0.113,-0.198,0.953,48,47,-21,69337,62755,0
10801,2026-02-02T17:27:52.075Z,28.172,72.865,53,96,,4.5,19.078,0,0.7,100894.5,100917.141,100808.766,85.734,108.375,28.076,27.898,32.584,0.122,-0.182,0.96,-110,7,-10,69337,62755,0
10891,2026-02-02T17:27:52.165Z,28.14,68.364,53,96,,4.5,19.078,0,0.7,101026.063,100921.313,100808.484,217.578,112.828,28.076,27.898,32.591,0.101,-0.173,0.964,-75,28,27,72229,63946,0
10981,2026-02-02T17:27:52.255Z,28.118,68.364,53,96,,4.5,18.983,0,0.7,101074.516,100924.609,100809.094,265.422,115.516,28.074,27.9,32.587,0.109,-0.207,0.969,55,-48,91,72229,63946,0
11094,2026-02-02T17:27:52.368Z,28.118,64.435,53,96,,4.5,18.983,0,0.7,101100.922,100926.578,100809.156,291.766,117.422,28.069,27.898,32.586,0.129,-0.185,0.945,54,77,36,64131,63922,0
11205,2026-02-02T17:27:52.479Z,28.14,64.435,57,97,,4.5,18.983,0,0.7,101117.109,100928.641,100809.156,307.953,119.484,28.068,27.897,32.594,0.099,-0.198,0.972,35,-47,140,64131,63922,0
11296,2026-02-02T17:27:52.570Z,28.129,61.108,57,97,,4.5,18.951,0,0.7,101126.422,100929.766,100809,317.422,120.766,28.068,27.899,32.592,0.12,-0.193,0.961,-58,-6,-58,64131,63922,0
11387,2026-02-02T17:27:52.661Z,28.129,58.362,57,97,,4.5,18.951,0,0.7,101136.75,100931.406,100808.891,327.859,122.516,28.067,27.904,32.594,0.133,-0.187,0.941,91,54,2,68255,68016,0
11476,2026-02-02T17:27:52.750Z,28.129,58.362,57,97,,4.5,18.951,0,0.7,101145.438,100932.797,100809.016,336.422,123.781,28.064,27.901,32.603,0.087,-0.202,0.973,-31,-8,65,68255,68016,0
11610,2026-02-02T17:27:52.884Z,28.129,55.943,57,97,,4.5,18.911,0,0.7,101151.375,100933.5,100809.016,342.359,124.484,28.063,27.898,32.601,0.12,-0.197,0.943,-57,21,-2,65814,65630,0
11702,2026-02-02T17:27:52.976Z,28.14,55.943,57,97,,4.5,18.919,0,0.7,101157.469,100933.875,100808.906,348.563,124.969,28.061,27.895,32.601,0.107,-0.186,0.957,126,-36,22,65814,65630,0
11811,2026-02-02T17:27:53.085Z,28.129,54.097,57,97,,4.5,18.951,0,0.7,101166.938,100934.703,100809.422,357.516,125.281,28.067,27.901,32.607,0.104,-0.198,0.954,35,-13,133,65814,65630,0
11881,2026-02-02T17:27:53.155Z,28.129,53.227,57,97,,4.5,18.951,0,0.7,101025.859,100933.188,100808.734,217.125,124.453,28.065,27.901,32.602,0.108,-0.206,0.956,-9,-18,21,65346,63781,0
12016,2026-02-02T17:27:53.290Z,28.129,53.227,57,97,,4.5,18.983,0,0.7,100961.922,100928.828,100808.969,152.953,119.859,28.07,27.901,32.605,0.125,-0.192,0.969,250,-101,41,65346,63781,0
12106,2026-02-02T17:27:53.380Z,28.129,55.279,57,97,,4.5,18.983,0,0.7,100878.797,100928.344,100809.047,69.75,119.297,28.068,27.899,32.608,0.104,-0.173,0.939,-44,38,-76,72922,72139,0
12208,2026-02-02T17:27:53.482Z,28.14,59.132,54,97,,4.5,18.983,0,0.7,100769.328,100927.234,100809.172,-39.844,118.063,28.07,27.898,32.61,0.101,-0.195,0.974,168,-46,59,72922,72139,0
12285,2026-02-02T17:27:53.559Z,28.172,59.132,54,97,,4.5,18.983,0,0.7,100725.719,100925.891,100809.5,-83.781,116.391,28.072,27.902,32.609,0.125,-0.177,0.951,-86,-9,-128,72922,72139,0
12420,2026-02-02T17:27:53.694Z,28.172,62.825,54,97,,4.5,18.983,0,0.7,100660.984,100921.094,100809.422,-148.438,111.672,28.076,27.905,32.615,0.12,-0.191,0.969,98,40,23,74147,72822,0
12511,2026-02-02T17:27:53.785Z,28.204,62.825,54,97,,4.5,19.014,0,0.7,100645.906,100919.234,100809.172,-163.266,110.063,28.077,27.904,32.621,0.12,-0.168,0.956,65,-18,36,74147,72822,0
12601,2026-02-02T17:27:53.875Z,28.215,66.067,54,97,,4.5,19.014,0,0.7,100633.25,100917.297,100809.594,-176.344,107.703,28.079,27.906,32.615,0.116,-0.175,0.965,11,-22,48,72837,71154,0
12738,2026-02-02T17:27:54.012Z,28.215,68.913,54,97,,4.5,19.046,0,0.7,100619.625,100915.75,100809.359,-189.734,106.391,28.078,27.906,32.621,0.118,-0.167,0.957,-13,33,-88,72837,71154,0
12825,2026-02-02T17:27:54.099Z,28.215,68.913,54,97,,4.5,19.046,0,0.7,100615.688,100913.781,100809.406,-193.719,104.375,28.09,27.908,32.623,0.095,-0.169,0.983,314,-109,105,72837,71154,0
12872,2026-02-02T17:27:54.146Z,28.215,71.042,54,97,,4.5,19.046,0,0.7,100609.875,100911.75,100809.313,-199.438,102.438,28.09,27.906,32.625,0.122,-0.172,0.949,-164,100,-81,72084,70668,0
13005,2026-02-02T17:27:54.279Z,28.215,72.735,54,97,,4.5,19.014,0,0.7,100595.734,100909.531,100809.484,-213.75,100.047,28.092,27.903,32.623,0.106,-0.169,0.968,64,22,-13,72084,70668,0
13096,2026-02-02T17:27:54.370Z,28.215,72.735,54,97,,4.5,19.066,0,0.7,100585.75,100908.328,100809.391,-223.641,98.938,28.094,27.908,32.624,0.108,-0.168,0.96,23,13,25,71153,70159,0
13203,2026-02-02T17:27:54.477Z,28.215,74.376,54,97,,4.5,19.014,0,0.7,100580.891,100906.094,100809.031,-228.141,97.063,28.093,27.912,32.633,0.115,-0.16,0.962,191,-16,10,71153,70159,0
13276,2026-02-02T17:27:54.550Z,28.204,74.376,54,97,,4.5,19.014,0,0.7,100584.125,100904.938,100809.313,-225.188,95.625,28.089,27.91,32.63,0.11,-0.174,0.968,-44,-15,-45,71153,70159,0
13411,2026-02-02T17:27:54.685Z,28.215,75.802,54,97,,4.5,19.014,0,0.7,100596.438,100904.281,100809.859,-213.422,94.422,28.095,27.913,32.633,0.12,-0.16,0.961,-12,21,6,71065,70348,0
13501,2026-02-02T17:27:54.775Z,28.215,76.802,54,97,,4.5,18.983,0,0.7,100607.156,100902.438,100809.156,-202,93.281,28.088,27.914,32.633,0.104,-0.166,0.971,-38,-6,0,71065,70348,0
13591,2026-02-02T17:27:54.865Z,28.194,76.802,54,97,,4.5,18.951,0,0.7,100630.016,100902.766,100809.203,-179.188,93.563,28.087,27.913,32.634,0.115,-0.159,0.96,35,-8,64,69185,69253,0
13705,2026-02-02T17:27:54.979Z,28.172,77.023,54,97,,4.5,18.951,0,0.7,100695.125,100906.047,100808.797,-113.672,97.25,28.093,27.911,32.635,0.108,-0.183,0.96,-105,91,37,69185,69253,0
13815,2026-02-02T17:27:55.089Z,28.172,73.994,54,97,,4.5,18.919,0,0.7,100759.813,100911.594,100808.813,-49,102.781,28.091,27.914,32.64,0.104,-0.165,0.969,121,-22,181,69185,69253,0
13906,2026-02-02T17:27:55.180Z,28.151,73.994,54,97,,4.5,18.887,0,0.7,100939.5,100916.031,100808.844,130.656,107.188,28.093,27.911,32.648,0.126,-0.192,0.954,-113,12,19,66502,68059,0
14042,2026-02-02T17:27:55.316Z,28.151,69.394,54,97,,4.5,18.855,0,0.7,101017.953,100920.094,100809.109,208.844,110.984,28.082,27.91,32.644,0.116,-0.173,0.949,-41,21,-3,66502,68059,0
14085,2026-02-02T17:27:55.359Z,28.151,69.394,54,97,,4.5,18.855,0,0.7,101057.141,100923.156,100809.109,248.031,114.047,28.088,27.917,32.647,0.092,-0.188,0.966,-143,86,4,66229,68649,0
14176,2026-02-02T17:27:55.450Z,28.129,65.404,54,97,,4.5,18.823,0,0.7,101081.797,100925.172,100808.906,272.891,116.266,28.085,27.914,32.651,0.103,-0.195,0.963,-101,-12,-45,66229,68649,0
14311,2026-02-02T17:27:55.585Z,28.129,62.001,54,97,,4.5,18.804,0,0.7,101103.781,100926.656,100809,294.781,117.656,28.086,27.913,32.651,0.112,-0.177,0.954,-48,50,-47,66229,68649,0
14401,2026-02-02T17:27:55.675Z,28.129,62.001,54,97,,4.5,18.804,0,0.7,101120.578,100928.984,100808.969,311.609,120.016,28.077,27.912,32.654,0.099,-0.202,0.97,106,-54,72,64273,67202,0
14491,2026-02-02T17:27:55.765Z,28.14,58.995,54,97,,4.5,18.792,0,0.7,101131.828,100929.703,100809.234,322.594,120.469,28.087,27.914,32.654,0.109,-0.176,0.954,-86,111,10,64273,67202,0
14580,2026-02-02T17:27:55.854Z,28.14,56.492,54,97,,4.5,18.76,0,0.7,101141.734,100930.906,100808.969,332.766,121.938,28.082,27.911,32.656,0.111,-0.185,0.957,65,-8,62,60546,63329,0
14726,2026-02-02T17:27:56.000Z,28.151,56.492,54,97,,4.5,18.76,0,0.7,101150.5,100932.406,100808.938,341.563,123.469,28.078,27.919,32.66,0.094,-0.19,0.964,-113,77,-22,60546,63329,0
14804,2026-02-02T17:27:56.078Z,28.151,54.333,54,97,,4.5,18.804,0,0.7,101155.891,100932.688,100808.906,346.984,123.781,28.076,27.91,32.658,0.112,-0.172,0.958,37,-23,-4,60546,63329,0
14896,2026-02-02T17:27:56.170Z,28.151,54.333,54,97,,4.5,18.792,0,0.7,101173.563,100933.313,100808.906,364.656,124.406,28.078,27.91,32.666,0.102,-0.178,0.945,57,123,53,65023,67763,0
14985,2026-02-02T17:27:56.259Z,28.14,52.807,54,97,,4.5,18.792,0,0.7,100984.344,100930.047,100808.438,175.906,121.609,28.085,27.912,32.664,0.099,-0.198,0.971,69,-134,69,65023,67763,0
15119,2026-02-02T17:27:56.393Z,28.14,54.127,54,97,,4.5,18.815,0,0.7,100956.219,100927.109,100809.516,146.703,117.594,28.083,27.915,32.666,0.125,-0.188,0.953,114,-29,-3,70737,74228,0
15256,2026-02-02T17:27:56.530Z,28.161,54.127,53,98,,4.5,18.823,0,0.7,100909.234,100923.031,100808.922,100.313,114.109,28.081,27.916,32.668,0.092,-0.166,0.967,32,-45,67,70737,74228,0
15301,2026-02-02T17:27:56.575Z,28.183,56.897,53,98,,4.5,18.823,0,0.7,100833.938,100922.516,100808.672,25.266,113.844,28.087,27.913,32.671,0.113,-0.186,0.972,14,-18,25,70737,74228,0
15390,2026-02-02T17:27:56.664Z,28.183,60.948,53,98,,4.5,18.887,0,0.7,100776.375,100922.016,100809.281,-32.906,112.734,28.086,27.915,32.671,0.101,-0.167,0.967,90,-51,-65,78644,78313,0
15481,2026-02-02T17:27:56.755Z,28.194,60.948,53,98,,4.5,18.887,0,0.7,100725.578,100921.984,100808.891,-83.313,113.094,28.09,27.916,32.667,0.123,-0.184,0.955,-33,-1,-11,78644,78313,0
15572,2026-02-02T17:27:56.846Z,28.194,64.534,53,98,,4.5,18.887,0,0.7,100685.938,100920.266,100809.719,-123.781,110.547,28.094,27.915,32.674,0.108,-0.168,0.965,98,-10,43,77507,76963,0
15705,2026-02-02T17:27:56.979Z,28.215,64.534,53,98,,4.5,18.887,0,0.7,100661.25,100918.156,100809.047,-147.797,109.109,28.098,27.918,32.672,0.121,-0.184,0.956,-28,55,-58,77507,76963,0
15818,2026-02-02T17:27:57.092Z,28.226,67.387,53,98,,4.5,18.887,0,0.7,100643.531,100916.484,100809.188,-165.656,107.297,28.1,27.916,32.676,0.109,-0.172,0.963,64,-30,12,77507,76963,0
15886,2026-02-02T17:27:57.160Z,28.226,69.821,53,98,,4.5,18.919,0,0.7,100630.766,100914.5,100809.047,-178.281,105.453,28.097,27.924,32.684,0.118,-0.169,0.951,-45,20,6,77417,76532,0
16020,2026-02-02T17:27:57.294Z,28.236,69.821,53,98,,4.5,18.919,0,0.7,100619.141,100912.703,100808.703,-189.563,104,28.103,27.92,32.685,0.122,-0.167,0.959,13,-7,3,77417,76532,0
16157,2026-02-02T17:27:57.431Z,28.204,71.621,53,98,,4.5,18.919,0,0.7,100612.313,100910.781,100809.016,-196.703,101.766,28.098,27.922,32.683,0.109,-0.168,0.965,2,26,31,75672,75179,0
16200,2026-02-02T17:27:57.474Z,28.204,73.224,53,98,,4.5,18.919,0,0.7,100608.359,100909.406,100809.375,-201.016,100.031,28.102,27.916,32.686,0.125,-0.167,0.957,65,9,29,75672,75179,0
16296,2026-02-02T17:27:57.570Z,28.215,73.224,55,98,,4.5,18.919,0,0.7,100609.016,100907.672,100809.516,-200.5,98.156,28.105,27.915,32.687,0.111,-0.177,0.969,17,26,-12,75672,75179,0
16404,2026-02-02T17:27:57.678Z,28.215,73.224,55,98,,4.5,18.919,0,0.7,100618.734,100907.016,100809.609,-190.875,97.406,28.109,27.925,32.686,0.11,-0.159,0.965,62,-31,93,76310,76030,0
16472,2026-02-02T17:27:57.746Z,28.194,74.742,55,98,,4.5,18.887,0,0.7,100634.078,100905.859,100809.094,-175.016,96.766,28.102,27.924,32.692,0.108,-0.164,0.968,-8,25,-15,76310,76030,0
16606,2026-02-02T17:27:57.880Z,28.194,75.429,55,98,,4.5,18.887,0,0.7,100671.766,100906.359,100809.328,-137.563,97.031,28.112,27.919,32.694,0.101,-0.17,0.962,129,8,74,75146,76061,0
16696,2026-02-02T17:27:57.970Z,28.204,75.429,55,98,,4.5,18.855,0,0.7,100732.547,100907.625,100808.875,-76.328,98.75,28.11,27.92,32.697,0.114,-0.179,0.958,-121,72,40,75146,76061,0
16791,2026-02-02T17:27:58.065Z,28.194,74.849,55,98,,4.5,18.855,0,0.7,100752.125,100912.828,100809.25,-57.125,103.578,28.102,27.923,32.699,0.103,-0.176,0.971,-65,34,1,75146,76061,0
16876,2026-02-02T17:27:58.150Z,28.194,70.95,55,98,,4.5,18.823,0,0.7,100911.406,100917.25,100809.094,102.313,108.156,28.099,27.931,32.701,0.128,-0.19,0.957,-12,23,64,72269,74527,0
17009,2026-02-02T17:27:58.283Z,28.183,70.95,55,98,,4.5,18.823,0,0.7,101035.516,100921.734,100809.188,226.328,112.547,28.101,27.921,32.705,0.11,-0.14,0.954,-60,7,-96,72269,74527,0
17100,2026-02-02T17:27:58.374Z,28.151,66.662,55,98,,4.5,18.792,0,0.7,101076.703,100924.313,100809.438,267.266,114.875,28.1,27.922,32.707,0.104,-0.203,0.967,116,15,206,78864,81839,0
17192,2026-02-02T17:27:58.466Z,28.151,62.954,55,98,,4.5,18.76,0,0.7,101093.469,100927.125,100809.438,284.031,117.688,28.1,27.929,32.711,0.106,-0.181,0.957,-31,45,-17,78864,81839,0
17305,2026-02-02T17:27:58.579Z,28.151,62.954,55,98,,4.5,18.76,0,0.7,101108.969,100928.547,100809.266,299.703,119.281,28.1,27.925,32.709,0.083,-0.192,0.977,145,3,26,78864,81839,0
17415,2026-02-02T17:27:58.689Z,28.151,59.887,55,98,,4.5,18.728,0,0.7,101119.859,100930.047,100809.641,310.219,120.406,28.092,27.924,32.712,0.11,-0.181,0.961,-78,38,-4,73841,76603,0
17505,2026-02-02T17:27:58.779Z,28.161,59.887,55,98,,4.5,18.728,0,0.7,101132.188,100931.141,100809.719,322.469,121.422,28.095,27.926,32.716,0.093,-0.159,0.959,-21,53,-2,73841,76603,0
17594,2026-02-02T17:27:58.868Z,28.14,57.263,55,98,,4.5,18.728,0,0.7,101139.781,100932.188,100808.984,330.797,123.203,28.1,27.921,32.714,0.112,-0.18,0.952,7,-12,34,67792,71135,0
17685,2026-02-02T17:27:58.959Z,28.14,55.234,55,98,,4.5,18.728,0,0.7,101154.563,100932.359,100809.625,344.938,122.734,28.097,27.925,32.712,0.103,-0.167,0.96,-33,33,-1,67792,71135,0
17821,2026-02-02T17:27:59.095Z,28.151,55.234,55,98,,4.5,18.728,0,0.7,101149.594,100932.984,100809.109,340.484,123.875,28.091,27.927,32.719,0.113,-0.195,0.951,47,32,87,67792,71135,0
17911,2026-02-02T17:27:59.185Z,28.151,53.631,55,98,,4.5,18.76,0,0.7,101033.844,100932,100809.797,224.047,122.203,28.098,27.925,32.721,0.098,-0.179,0.965,42,29,108,65399,69042,0
17999,2026-02-02T17:27:59.273Z,28.151,55.05,55,98,,4.5,18.76,0,0.7,100977.047,100929.938,100809.938,167.109,120,28.099,27.932,32.72,0.114,-0.174,0.958,132,17,25,65399,69042,0
18090,2026-02-02T17:27:59.364Z,28.161,55.05,55,98,,4.5,18.76,0,0.7,100929.063,100927.141,100809.391,119.672,117.75,28.09,27.924,32.72,0.099,-0.152,0.961,28,-41,96,82509,84227,0
18225,2026-02-02T17:27:59.499Z,28.161,57.385,55,98,,4.5,18.792,0,0.7,100821.234,100924.75,100809.391,11.844,115.359,28.099,27.924,32.724,0.107,-0.188,0.967,19,-62,-50,82509,84227,0
18320,2026-02-02T17:27:59.594Z,28.204,57.385,50,97,,4.5,18.823,0,0.7,100767.422,100923.875,100809.672,-42.25,114.203,28.1,27.926,32.728,0.126,-0.151,0.946,-21,-11,-49,82509,84227,0
18405,2026-02-02T17:27:59.679Z,28.204,62.024,50,97,,4.5,18.811,0,0.7,100746.063,100922.859,100809.766,-63.703,113.094,28.1,27.93,32.727,0.11,-0.169,0.962,21,27,-30,88579,85524,0
18495,2026-02-02T17:27:59.769Z,28.204,64.992,50,97,,4.5,18.823,0,0.7,100720.969,100921.688,100809.328,-88.359,112.359,28.098,27.929,32.728,0.119,-0.141,0.949,41,-2,-77,88579,85524,0
18631,2026-02-02T17:27:59.905Z,28.215,64.992,50,97,,4.5,18.823,0,0.7,100687.063,100919.453,100809.266,-122.203,110.188,28.111,27.932,32.73,0.094,-0.189,0.988,-92,3,28,89415,85301,0
18676,2026-02-02T17:27:59.950Z,28.226,67.425,50,97,,4.5,18.823,0,0.7,100645.188,100918.703,100809.5,-164.313,109.203,28.106,27.929,32.734,0.133,-0.147,0.945,-30,41,-26,89415,85301,0
18766,2026-02-02T17:28:00.040Z,28.226,69.859,50,97,,4.5,18.855,0,0.7,100637.203,100916.266,100809.313,-172.109,106.953,28.108,27.931,32.734,0.067,-0.188,1.011,137,-38,47,89415,85301,0
18901,2026-02-02T17:28:00.175Z,28.247,69.859,50,97,,4.5,18.887,0,0.7,100626.547,100914.469,100809.141,-182.594,105.328,28.115,27.931,32.741,0.124,-0.162,0.96,68,54,9,88158,85133,0
18991,2026-02-02T17:28:00.265Z,28.247,71.789,50,97,,4.5,18.855,0,0.7,100613.141,100911.734,100809.25,-196.109,102.484,28.112,27.929,32.738,0.082,-0.168,0.985,-18,17,-66,88158,85133,0
19080,2026-02-02T17:28:00.354Z,28.215,71.789,50,97,,4.5,18.855,0,0.7,100613.469,100910.625,100809.438,-195.969,101.188,28.115,27.932,32.74,0.126,-0.156,0.95,-36,68,-7,85368,83441,0
19215,2026-02-02T17:28:00.489Z,28.204,73.391,50,97,,4.5,18.855,0,0.7,100610.156,100909.953,100809.219,-199.063,100.734,28.118,27.932,32.745,0.095,-0.162,0.978,118,-15,50,85368,83441,0
19351,2026-02-02T17:28:00.625Z,28.204,74.589,50,97,,4.5,18.855,0,0.7,100610.297,100907.75,100809.188,-198.891,98.563,28.11,27.933,32.746,0.117,-0.175,0.951,-130,56,-79,85368,83441,0
19399,2026-02-02T17:28:00.673Z,28.226,74.589,50,97,,4.5,18.823,0,0.7,100619.094,100907.469,100808.875,-189.781,98.594,28.117,27.935,32.748,0.116,-0.15,0.958,209,-152,178,83633,82262,0
19532,2026-02-02T17:28:00.806Z,28.215,75.543,50,97,,4.5,18.823,0,0.7,100629.25,100906.953,100809.109,-179.859,97.844,28.117,27.935,32.747,0.114,-0.15,0.958,-225,80,-130,83633,82262,0
19575,2026-02-02T17:28:00.849Z,28.215,75.543,50,97,,4.5,18.823,0,0.7,100670.594,100907.672,100809.359,-138.766,98.313,28.118,27.946,32.754,0.091,-0.164,0.968,80,-10,126,84982,83386,0
19667,2026-02-02T17:28:00.941Z,28.226,75.871,50,97,,4.5,18.823,0,0.7,100729.188,100911.563,100808.875,-79.688,102.688,28.114,27.931,32.758,0.112,-0.177,0.965,-87,60,48,83771,81978,0
19841,2026-02-02T17:28:01.115Z,28.226,73.575,50,97,,4.5,18.792,0,0.7,100784.563,100915.234,100809.109,-24.547,106.125,28.122,27.929,32.759,0.094,-0.177,0.976,0,46,121,83771,81978,0
19892,2026-02-02T17:28:01.166Z,28.194,73.575,50,97,,4.5,18.76,0,0.7,100900.297,100918.719,100808.516,91.781,110.203,28.114,27.937,32.759,0.108,-0.159,0.967,-109,75,-54,78225,80112,0
20025,2026-02-02T17:28:01.299Z,28.183,69.424,50,97,,4.5,18.76,0,0.7,101004.094,100922.031,100808.391,195.703,113.641,28.106,27.933,32.755,0.094,-0.167,0.967,-70,-16,12,78225,80112,0
20089,2026-02-02T17:28:01.363Z,28.183,69.424,50,97,,4.5,18.76,0,0.7,101050.203,100924.969,100808.844,241.359,116.125,28.105,27.937,32.761,0.115,-0.209,0.955,8,-96,-3,75752,79300,0
20205,2026-02-02T17:28:01.479Z,28.151,64.389,50,97,,4.5,18.696,0,0.7,101095.844,100926.969,100808.828,287.016,118.141,28.11,27.936,32.764,0.113,-0.096,0.941,145,93,110,75752,79300,0
20294,2026-02-02T17:28:01.568Z,28.151,61.055,50,97,,4.5,18.696,0,0.7,101133.219,100929.094,100809.047,324.172,120.047,28.112,27.932,32.763,0.105,-0.196,0.969,-55,52,127,75752,79300,0
20398,2026-02-02T17:28:01.672Z,28.161,61.055,66,97,,4.5,18.696,0,0.7,101148.641,100930.594,100809.469,339.172,121.125,28.11,27.931,32.771,0.099,-0.203,0.97,37,11,73,76917,79668,0
20474,2026-02-02T17:28:01.748Z,28.172,58.102,66,97,,4.5,18.664,0,0.7,101160.219,100931.703,100808.969,351.25,122.734,28.112,27.932,32.769,0.101,-0.16,0.952,20,13,54,76917,79668,0
20618,2026-02-02T17:28:01.892Z,28.172,58.102,66,97,,4.5,18.664,0,0.7,101163.563,100932.703,100809.391,354.172,123.313,28.112,27.931,32.769,0.101,-0.177,0.963,63,20,69,69847,73367,0
20700,2026-02-02T17:28:01.974Z,28.161,55.722,66,97,,4.5,18.664,0,0.7,101183.469,100934.188,100809.516,373.953,124.672,28.105,27.932,32.774,0.088,-0.19,0.974,32,-52,31,69847,73367,0
20789,2026-02-02T17:28:02.063Z,28.161,53.807,66,97,,4.5,18.696,0,0.7,101196.859,100935.203,100808.875,387.984,126.328,28.104,27.932,32.773,0.095,-0.189,0.966,0,65,8,69847,73367,0
20887,2026-02-02T17:28:02.161Z,28.161,53.807,66,97,,4.5,18.664,0,0.7,101063.859,100934.297,100809.047,254.813,125.25,28.104,27.937,32.772,0.098,-0.197,0.965,94,-38,98,69972,73314,0
21016,2026-02-02T17:28:02.290Z,28.172,52.975,66,97,,4.5,18.696,0,0.7,100976.844,100931.547,100808.922,167.922,122.625,28.11,27.935,32.776,0.115,-0.16,0.961,23,-7,-96,69972,73314,0
21106,2026-02-02T17:28:02.380Z,28.172,55.241,66,97,,4.5,18.728,0,0.7,100919.516,100927.141,100809.422,110.094,117.719,28.109,27.931,32.776,0.099,-0.175,0.965,-3,-37,-67,86084,86242,0
21241,2026-02-02T17:28:02.515Z,28.183,55.241,66,97,,4.5,18.728,0,0.7,100826.625,100924.672,100809.688,16.938,114.984,28.111,27.942,32.781,0.101,-0.161,0.959,-19,7,-69,86084,86242,0
21285,2026-02-02T17:28:02.559Z,28.215,58.491,66,97,,4.5,18.728,0,0.7,100793.688,100922.594,100808.859,-15.172,113.734,28.107,27.938,32.777,0.113,-0.188,0.97,-139,-27,-153,86084,86242,0
21422,2026-02-02T17:28:02.696Z,28.215,62.535,49,98,,4.5,18.728,0,0.7,100734.078,100923.172,100809.703,-75.625,113.469,28.111,27.938,32.783,0.111,-0.155,0.958,146,-39,-13,91870,88717,0
21510,2026-02-02T17:28:02.784Z,28.236,62.535,49,98,,4.5,18.76,0,0.7,100687.266,100922.609,100809.406,-122.141,113.203,28.117,27.936,32.783,0.114,-0.166,0.956,-3,3,61,91870,88717,0
21602,2026-02-02T17:28:02.876Z,28.236,66.083,49,98,,4.5,18.76,0,0.7,100622.938,100920.234,100809.594,-186.656,110.641,28.122,27.941,32.787,0.111,-0.157,0.966,60,-8,7,89067,85433,0
21691,2026-02-02T17:28:02.965Z,28.258,66.083,49,98,,4.5,18.76,0,0.7,100606.469,100918.594,100809.25,-202.781,109.344,28.124,27.936,32.79,0.107,-0.169,0.968,44,21,50,89067,85433,0
21825,2026-02-02T17:28:03.099Z,28.258,68.928,49,98,,4.5,18.792,0,0.7,100609.094,100917.406,100809.016,-199.922,108.391,28.126,27.941,32.791,0.111,-0.167,0.963,-26,7,-68,89067,85433,0
21889,2026-02-02T17:28:03.163Z,28.258,71.049,49,98,,4.5,18.792,0,0.7,100605.266,100915.156,100809.031,-203.766,106.125,28.128,27.942,32.792,0.12,-0.156,0.967,97,-6,106,89593,85844,0
22004,2026-02-02T17:28:03.278Z,28.236,71.049,49,98,,4.5,18.792,0,0.7,100589.344,100913.031,100809.547,-220.203,103.484,28.129,27.94,32.792,0.114,-0.167,0.96,-13,30,-110,89593,85844,0
22094,2026-02-02T17:28:03.368Z,28.258,72.987,49,98,,4.5,18.792,0,0.7,100584.328,100910.906,100808.906,-224.578,102,28.123,27.95,32.793,0.11,-0.146,0.966,17,-14,57,89379,85973,0
22186,2026-02-02T17:28:03.460Z,28.258,74.551,49,98,,4.5,18.76,0,0.7,100583.5,100910.563,100809.031,-225.531,101.531,28.126,27.949,32.796,0.114,-0.163,0.954,-74,65,-73,89379,85973,0
22278,2026-02-02T17:28:03.552Z,28.258,74.551,49,98,,4.5,18.76,0,0.7,100584.063,100909.172,100809.25,-225.188,99.922,28.127,27.945,32.796,0.107,-0.167,0.967,32,-18,52,89379,85973,0
22411,2026-02-02T17:28:03.685Z,28.258,76.008,61,98,,4.5,18.76,0,0.7,100594.891,100908.141,100809.203,-214.313,98.938,28.125,27.947,32.799,0.119,-0.156,0.955,-78,-5,-20,90658,86731,0
22501,2026-02-02T17:28:03.775Z,28.247,76.008,61,98,,4.5,18.76,0,0.7,100613.469,100907.656,100809.031,-195.563,98.625,28.128,27.948,32.803,0.115,-0.158,0.97,25,-50,59,90658,86731,0
22590,2026-02-02T17:28:03.864Z,28.247,76.954,61,98,,4.5,18.728,0,0.7,100662.453,100908.531,100810.141,-147.688,98.391,28.125,27.944,32.806,0.106,-0.16,0.959,-9,4,71,84449,82635,0
22681,2026-02-02T17:28:03.955Z,28.247,75.97,61,98,,4.5,18.696,0,0.7,100719.125,100912.031,100809.25,-90.125,102.781,28.127,27.949,32.807,0.109,-0.194,0.974,-61,26,31,84449,82635,0
22815,2026-02-02T17:28:04.089Z,28.226,75.97,61,98,,4.5,18.696,0,0.7,100795.547,100916.203,100808.953,-13.406,107.25,28.126,27.945,32.806,0.118,-0.131,0.949,31,102,116,84449,82635,0
22908,2026-02-02T17:28:04.182Z,28.194,72.018,61,98,,4.5,18.664,0,0.7,100921.406,100919.469,100808.922,112.484,110.547,28.126,27.946,32.812,0.094,-0.22,0.98,-109,35,30,85810,85482,0
22995,2026-02-02T17:28:04.269Z,28.194,67.669,61,98,,4.5,18.632,0,0.7,101034.938,100923.594,100808.766,226.172,114.828,28.126,27.943,32.81,0.102,-0.153,0.96,-5,57,41,85810,85482,0
23085,2026-02-02T17:28:04.359Z,28.172,67.669,61,98,,4.5,18.632,0,0.7,101074.688,100925.938,100809.078,265.609,116.859,28.117,27.95,32.815,0.111,-0.187,0.953,-55,35,30,82877,84686,0
23220,2026-02-02T17:28:04.494Z,28.172,63.885,61,98,,4.5,18.601,0,0.7,101100.453,100927.875,100809.172,291.281,118.703,28.127,27.949,32.815,0.103,-0.182,0.972,28,-22,67,82877,84686,0
23311,2026-02-02T17:28:04.585Z,28.183,63.885,61,98,,4.5,18.569,0,0.7,101122.406,100929.453,100808.859,313.547,120.594,28.122,27.942,32.817,0.1,-0.174,0.959,-22,63,9,82877,84686,0
23441,2026-02-02T17:28:04.715Z,28.183,60.666,69,98,,4.5,18.569,0,0.7,101133.609,100930.969,100808.547,325.063,122.422,28.123,27.944,32.822,0.097,-0.173,0.969,30,-20,3,75215,77158,0
23490,2026-02-02T17:28:04.764Z,28.183,57.911,69,98,,4.5,18.569,0,0.7,101139.406,100932.422,100808.906,330.5,123.516,28.116,27.946,32.818,0.1,-0.173,0.959,140,-34,54,75215,77158,0
23625,2026-02-02T17:28:04.899Z,28.183,57.911,69,98,,4.5,18.537,0,0.7,101143.391,100932.797,100808.703,334.688,124.094,28.112,27.953,32.822,0.107,-0.179,0.963,10,14,104,73064,75537,0
23717,2026-02-02T17:28:04.991Z,28.172,55.661,69,98,,4.5,18.569,0,0.7,101160.375,100933.406,100809.453,350.922,123.953,28.119,27.947,32.823,0.104,-0.164,0.954,3,5,0,73064,75537,0
23807,2026-02-02T17:28:05.081Z,28.172,53.944,69,98,,4.5,18.569,0,0.7,101153.891,100934.219,100809.313,344.578,124.906,28.12,27.944,32.825,0.109,-0.175,0.955,6,-34,61,73064,75537,0
23934,2026-02-02T17:28:05.208Z,28.183,53.944,69,98,,4.5,18.64,0,0.7,101058.531,100933.438,100809.031,249.5,124.406,28.123,27.949,32.826,0.09,-0.19,0.973,37,-15,77,79690,80419,0
24031,2026-02-02T17:28:05.305Z,28.183,54.692,69,98,,4.5,18.601,0,0.7,100985.109,100930.391,100809.078,176.031,121.313,28.122,27.952,32.823,0.117,-0.177,0.96,45,-54,-47,79690,80419,0
24097,2026-02-02T17:28:05.371Z,28.204,54.692,69,98,,4.5,18.601,0,0.7,100900.813,100929.453,100808.438,92.375,121.016,28.124,27.945,32.83,0.105,-0.147,0.952,32,16,-11,84840,83741,0
24186,2026-02-02T17:28:05.460Z,28.215,57.232,69,98,,4.5,18.601,0,0.7,100828.953,100928.234,100808.813,20.141,119.422,28.126,27.946,32.833,0.109,-0.172,0.964,3,-41,36,84840,83741,0
24300,2026-02-02T17:28:05.574Z,28.215,60.772,69,98,,4.5,18.632,0,0.7,100803.938,100927.734,100808.563,-4.625,119.172,28.125,27.951,32.836,0.126,-0.166,0.957,-18,-20,-46,84840,83741,0
24391,2026-02-02T17:28:05.665Z,28.226,60.772,69,98,,4.5,18.632,0,0.7,100756.906,100926.453,100808.766,-51.859,117.688,28.13,27.95,32.836,0.118,-0.154,0.956,35,3,-14,89301,85671,0
24497,2026-02-02T17:28:05.771Z,28.258,64.099,70,98,,4.5,18.632,0,0.7,100720.391,100925.125,100809.234,-88.844,115.891,28.126,27.95,32.84,0.116,-0.154,0.956,49,34,23,89301,85671,0
24571,2026-02-02T17:28:05.845Z,28.258,64.099,70,98,,4.5,18.664,0,0.7,100712.828,100923.359,100808.609,-95.781,114.75,28.125,27.951,32.842,0.104,-0.192,0.974,-72,11,-1,88124,84707,0
24704,2026-02-02T17:28:05.978Z,28.247,66.784,70,98,,4.5,18.664,0,0.7,100699.063,100921.469,100808.672,-109.609,112.797,28.126,27.953,32.844,0.106,-0.171,0.963,27,-14,23,88124,84707,0
24795,2026-02-02T17:28:06.069Z,28.247,68.883,70,98,,4.5,18.664,0,0.7,100675.953,100918.281,100809.125,-133.172,109.156,28.138,27.951,32.844,0.107,-0.175,0.968,-59,9,2,88124,84707,0
24885,2026-02-02T17:28:06.159Z,28.269,68.883,70,98,,4.5,18.696,0,0.7,100655.875,100916.078,100808.641,-152.766,107.438,28.136,27.955,32.842,0.121,-0.159,0.95,24,44,34,84847,82287,0
24985,2026-02-02T17:28:06.259Z,28.269,70.79,70,98,,4.5,18.696,0,0.7,100635.453,100913.906,100808.906,-173.453,105,28.136,27.955,32.843,0.102,-0.181,0.978,-116,19,-68,84847,82287,0
25109,2026-02-02T17:28:06.383Z,28.269,72.514,70,98,,4.5,18.696,0,0.7,100625.922,100911.875,100809.172,-183.25,102.703,28.138,27.955,32.85,0.081,-0.169,0.981,325,-195,226,83670,81704,0
25201,2026-02-02T17:28:06.475Z,28.279,72.514,70,98,,4.5,18.696,0,0.7,100619.734,100910.094,100808.828,-189.094,101.266,28.142,27.955,32.851,0.123,-0.186,0.96,-238,107,-235,83670,81704,0
25290,2026-02-02T17:28:06.564Z,28.258,74.032,70,98,,4.5,18.656,0,0.7,100623.453,100908.344,100808.75,-185.297,99.594,28.142,27.952,32.856,0.103,-0.146,0.966,83,-47,101,83670,81704,0
25380,2026-02-02T17:28:06.654Z,28.258,74.978,70,98,,4.5,18.664,0,0.7,100631.328,100907.797,100809.109,-177.781,98.688,28.141,27.958,32.853,0.107,-0.177,0.964,-7,-16,4,84003,82129,0
25516,2026-02-02T17:28:06.790Z,28.247,74.978,78,98,,4.5,18.664,0,0.7,100684.453,100907.922,100808.531,-124.078,99.391,28.142,27.957,32.854,0.119,-0.145,0.955,79,16,124,84003,82129,0
25605,2026-02-02T17:28:06.879Z,28.247,74.925,78,98,,4.5,18.664,0,0.7,100729.969,100909.344,100808.891,-78.922,100.453,28.146,27.955,32.858,0.122,-0.155,0.956,-210,72,4,87030,85282,0
25695,2026-02-02T17:28:06.969Z,28.226,74.925,78,98,,4.5,18.632,0,0.7,100768.984,100915.266,100809.188,-40.203,106.078,28.145,27.954,32.857,0.111,-0.16,0.964,-25,55,96,87030,85282,0
25785,2026-02-02T17:28:07.059Z,28.215,71.972,78,98,,4.5,18.601,0,0.7,100886.594,100918.797,100808.406,78.188,110.391,28.142,27.955,32.863,0.101,-0.188,0.978,-102,-22,10,87030,85282,0
25920,2026-02-02T17:28:07.194Z,28.215,67.807,78,98,,4.5,18.601,0,0.7,101001.156,100922.563,100808.938,192.219,113.625,28.132,27.958,32.867,0.112,-0.138,0.948,82,69,55,83371,83338,0
26017,2026-02-02T17:28:07.291Z,28.194,67.807,78,98,,4.5,18.569,0,0.7,101043.859,100925.375,100808.938,234.922,116.438,28.137,27.953,32.865,0.115,-0.188,0.961,-241,36,-70,83371,83338,0
26100,2026-02-02T17:28:07.374Z,28.194,63.984,78,98,,4.5,18.569,0,0.7,101072.906,100927.047,100808.828,264.078,118.219,28.138,27.954,32.865,0.102,-0.187,0.97,122,33,61,86575,86631,0
26191,2026-02-02T17:28:07.465Z,28.194,60.757,78,98,,4.5,18.537,0,0.7,101101.75,100928.938,100809.531,292.219,119.406,28.138,27.958,32.869,0.113,-0.185,0.96,-12,5,-26,86068,83981,0
26283,2026-02-02T17:28:07.557Z,28.194,60.757,78,98,,4.5,18.537,0,0.7,101118.156,100930.969,100808.719,309.438,122.25,28.133,27.956,32.873,0.101,-0.172,0.962,3,-3,45,86068,83981,0
26371,2026-02-02T17:28:07.645Z,28.194,57.965,78,98,,4.5,18.537,0,0.7,101132.625,100931.953,100808.734,323.891,123.219,28.137,27.956,32.869,0.117,-0.169,0.956,22,7,23,80879,82949,0
26506,2026-02-02T17:28:07.780Z,28.194,57.965,77,98,,4.5,18.545,0,0.7,101143.016,100933.5,100809.016,334,124.484,28.13,27.952,32.874,0.107,-0.163,0.964,-45,39,93,80879,82949,0
26596,2026-02-02T17:28:07.870Z,28.183,55.44,77,98,,4.5,18.537,0,0.7,101149.438,100935.219,100809.141,340.297,126.078,28.133,27.957,32.878,0.094,-0.187,0.971,-17,-24,-45,80879,82949,0
26685,2026-02-02T17:28:07.959Z,28.183,53.525,77,98,,4.5,18.537,0,0.7,101190.063,100935.109,100809.266,380.797,125.844,28.132,27.958,32.881,0.1,-0.185,0.961,-52,-17,1,73562,76074,0
26776,2026-02-02T17:28:08.050Z,28.204,53.525,77,98,,4.5,18.537,0,0.7,101206.063,100936.391,100809.406,396.656,126.984,28.133,27.96,32.876,0.104,-0.184,0.962,84,-20,53,73562,76074,0
26909,2026-02-02T17:28:08.183Z,28.215,51.739,77,98,,4.5,18.537,0,0.7,101088.969,100936.172,100808.938,280.031,127.234,28.129,27.96,32.877,0.105,-0.177,0.969,-38,3,-15,73849,75111,0
27005,2026-02-02T17:28:08.279Z,28.215,53.631,77,98,,4.5,18.537,0,0.7,100993.75,100934.547,100808.938,184.813,125.609,28.129,27.957,32.883,0.105,-0.183,0.975,157,-101,49,73849,75111,0
27088,2026-02-02T17:28:08.362Z,28.204,53.631,77,98,,4.5,18.569,0,0.7,100923.031,100931.109,100809.25,113.781,121.859,28.132,27.958,32.881,0.12,-0.164,0.953,25,-47,-92,82619,81049,0
27180,2026-02-02T17:28:08.454Z,28.204,56.63,77,98,,4.5,18.569,0,0.7,100844.422,100929.828,100809.422,35,120.406,28.134,27.96,32.879,0.091,-0.17,0.972,26,-56,-37,82619,81049,0
27315,2026-02-02T17:28:08.589Z,28.226,56.63,77,98,,4.5,18.601,0,0.7,100760.875,100928.688,100809.313,-48.438,119.375,28.145,27.956,32.888,0.129,-0.179,0.945,-1,-12,-1,82619,81049,0
27406,2026-02-02T17:28:08.680Z,28.258,60.437,77,98,,4.5,18.601,0,0.7,100714.063,100927.031,100808.875,-94.813,118.156,28.141,27.962,32.888,0.111,-0.176,0.965,22,-23,-32,82877,80328,0
27544,2026-02-02T17:28:08.818Z,28.258,64,70,98,,4.5,18.632,0,0.7,100670.75,100924.422,100809.516,-138.766,114.906,28.137,27.961,32.889,0.122,-0.172,0.953,-38,44,-8,82877,80328,0
27585,2026-02-02T17:28:08.859Z,28.269,64,70,98,,4.5,18.632,0,0.7,100652.422,100923.359,100809.5,-157.078,113.859,28.141,27.96,32.893,0.106,-0.18,0.965,39,-35,-26,83583,80729,0
27720,2026-02-02T17:28:08.994Z,28.29,67.296,70,98,,4.5,18.664,0,0.7,100645.453,100921.719,100809.078,-163.625,112.641,28.15,27.963,32.892,0.117,-0.174,0.955,13,21,-19,83583,80729,0
27810,2026-02-02T17:28:09.084Z,28.29,69.851,70,98,,4.5,18.664,0,0.7,100627.234,100920.109,100808.781,-181.547,111.328,28.151,27.965,32.892,0.103,-0.184,0.971,17,-18,35,83583,80729,0
27903,2026-02-02T17:28:09.177Z,28.29,69.851,70,98,,4.5,18.632,0,0.7,100619.25,100918.281,100809.547,-190.297,108.734,28.147,27.965,32.899,0.139,-0.176,0.945,63,-17,37,82321,80101,0
28020,2026-02-02T17:28:09.294Z,28.29,71.904,70,98,,4.5,18.664,0,0.7,100608.609,100915.656,100809.313,-200.703,106.344,28.154,27.963,32.897,0.115,-0.177,0.965,23,1,38,82321,80101,0
28129,2026-02-02T17:28:09.403Z,28.29,71.904,70,98,,4.5,18.664,0,0.7,100603.188,100913.953,100809.453,-206.266,104.5,28.154,27.962,32.899,0.111,-0.168,0.965,69,-35,7,84190,81912,0
28216,2026-02-02T17:28:09.490Z,28.269,73.636,70,98,,4.5,18.664,0,0.7,100597.719,100911.75,100809.016,-211.297,102.734,28.156,27.963,32.9,0.117,-0.165,0.961,2,-19,21,84190,81912,0
28306,2026-02-02T17:28:09.580Z,28.269,74.902,70,98,,4.5,18.664,0,0.7,100600.156,100910.516,100809.359,-209.203,101.156,28.159,27.965,32.9,0.116,-0.182,0.962,-108,34,-19,84190,81912,0
28396,2026-02-02T17:28:09.670Z,28.258,74.902,70,98,,4.5,18.664,0,0.7,100620.688,100909.984,100809.047,-188.359,100.938,28.152,27.969,32.906,0.114,-0.169,0.954,-107,33,-71,85871,83743,0
28552,2026-02-02T17:28:09.826Z,28.258,75.772,70,98,,4.5,18.664,0,0.7,100678.422,100910.109,100809.328,-130.906,100.781,28.157,27.961,32.907,0.144,-0.141,0.936,-22,-16,122,85871,83743,0
28577,2026-02-02T17:28:09.851Z,28.258,75.772,70,98,,4.5,18.632,0,0.7,100722.109,100912.844,100808.953,-86.844,103.891,28.152,27.965,32.91,0.132,-0.198,0.962,-121,76,4,77081,77524,0
28667,2026-02-02T17:28:09.941Z,28.247,74.696,70,98,,4.5,18.601,0,0.7,100765.875,100917.641,100808.797,-42.922,108.844,28.155,27.963,32.911,0.111,-0.188,0.963,107,33,101,82577,80436,0
28800,2026-02-02T17:28:10.074Z,28.247,70.927,70,98,,4.5,18.601,0,0.7,100913.531,100921.078,100808.656,104.875,112.422,28.155,27.969,32.919,0.107,-0.187,0.961,24,6,-22,82577,80436,0
28888,2026-02-02T17:28:10.162Z,28.236,70.927,70,98,,4.5,18.601,0,0.7,101012.234,100924.797,100808.891,203.344,115.906,28.163,27.967,32.917,0.11,-0.183,0.961,9,-26,-14,84210,85565,0
28981,2026-02-02T17:28:10.255Z,28.215,66.701,70,98,,4.5,18.601,0,0.7,101054.172,100926.563,100809.328,244.844,117.234,28.153,27.967,32.918,0.127,-0.167,0.953,-120,33,-35,84210,85565,0
29083,2026-02-02T17:28:10.357Z,28.215,63.069,70,98,,4.5,18.569,0,0.7,101089.188,100929.281,100808.672,280.516,120.609,28.148,27.968,32.92,0.116,-0.192,0.961,22,-169,-191,84210,85565,0
29206,2026-02-02T17:28:10.480Z,28.226,63.069,70,98,,4.5,18.537,0,0.7,101114.031,100930.625,100809.031,305,121.594,28.149,27.967,32.923,0.113,-0.194,0.959,-37,12,16,80876,83723,0
29295,2026-02-02T17:28:10.569Z,28.194,60.017,70,98,,4.5,18.537,0,0.7,101127.203,100932.5,100808.766,318.438,123.734,28.148,27.964,32.92,0.094,-0.224,0.982,9,-143,13,80876,83723,0
29386,2026-02-02T17:28:10.660Z,28.194,57.377,70,98,,4.5,18.537,0,0.7,101140.484,100933.344,100808.922,331.563,124.422,28.145,27.972,32.92,0.149,-0.181,0.944,54,63,-30,78053,81518,0
29575,2026-02-02T17:28:10.849Z,28.215,57.377,70,98,,4.5,18.537,0,0.7,101150.594,100934.938,100809.328,341.266,125.609,28.146,27.97,32.927,0.111,-0.21,0.967,-80,-74,35,78053,81518,0
29610,2026-02-02T17:28:10.884Z,28.215,55.043,70,98,,4.5,18.537,0,0.7,101156.266,100935.453,100809.344,346.922,126.109,28.138,27.965,32.926,0.135,-0.174,0.936,-48,101,-19,78053,81518,0
29700,2026-02-02T17:28:10.974Z,28.215,55.043,70,98,,4.5,18.537,0,0.7,101107.391,100935.984,100809.453,297.938,126.531,28.149,27.966,32.929,0.101,-0.217,0.974,91,-48,138,81145,83400,0
29791,2026-02-02T17:28:11.065Z,28.215,53.937,70,98,,4.5,18.569,0,0.7,100979.594,100934.063,100809.219,170.375,124.844,28.142,27.967,32.926,0.135,-0.187,0.953,24,-55,-7,81145,83400,0
29880,2026-02-02T17:28:11.154Z,28.215,55.966,70,98,,4.5,18.569,0,0.7,100941.484,100932.359,100809.469,132.016,122.891,28.148,27.971,32.93,0.127,-0.198,0.947,-1,-28,-6,88653,86136,0
30069,2026-02-02T17:28:11.343Z,28.226,55.966,70,98,,4.5,18.569,0,0.7,100883.422,100930.328,100808.797,74.625,121.531,28.145,27.975,32.935,0.131,-0.171,0.948,89,-10,-49,88653,86136,0
30105,2026-02-02T17:28:11.379Z,28.247,58.774,70,98,,4.5,18.569,0,0.7,100822.375,100929,100808.844,13.531,120.156,28.147,27.97,32.933,0.127,-0.196,0.962,44,-76,97,88653,86136,0
30195,2026-02-02T17:28:11.469Z,28.247,62.336,70,98,,4.5,18.601,0,0.7,100773.578,100927.141,100809.172,-35.594,117.969,28.153,27.966,32.935,0.134,-0.183,0.94,-139,48,-185,89700,86225,0
30285,2026-02-02T17:28:11.559Z,28.258,62.336,70,98,,4.5,18.601,0,0.7,100729.547,100925.891,100809.563,-80.016,116.328,28.149,27.97,32.937,0.117,-0.178,0.97,106,-36,118,89700,86225,0
30421,2026-02-02T17:28:11.695Z,28.258,65.465,70,98,,4.5,18.632,0,0.7,100700.141,100923.453,100809,-108.859,114.453,28.155,27.969,32.934,0.134,-0.208,0.959,-54,10,-24,86019,83244,0
30514,2026-02-02T17:28:11.788Z,28.279,65.465,70,98,,4.5,18.632,0,0.7,100674.969,100921.609,100809.031,-134.063,112.578,28.156,27.976,32.938,0.122,-0.184,0.96,72,-39,5,86019,83244,0
30610,2026-02-02T17:28:11.884Z,28.301,68.226,66,98,,4.5,18.632,0,0.7,100642.672,100920.922,100808.984,-166.313,111.938,28.158,27.971,32.94,0.141,-0.186,0.949,-92,21,-2,91176,86934,0
30690,2026-02-02T17:28:11.964Z,28.301,70.736,66,98,,4.5,18.664,0,0.7,100601.875,100918.844,100809.141,-207.266,109.703,28.165,27.969,32.941,0.134,-0.193,0.951,52,-10,39,91176,86934,0
30780,2026-02-02T17:28:12.054Z,28.301,70.736,66,98,,4.5,18.664,0,0.7,100601.922,100916.688,100808.953,-207.031,107.734,28.156,27.975,32.944,0.122,-0.188,0.958,-89,4,-23,91176,86934,0
30916,2026-02-02T17:28:12.190Z,28.311,72.697,66,98,,4.5,18.664,0,0.7,100605.25,100915.25,100809.094,-203.844,106.156,28.164,27.973,32.946,0.127,-0.193,0.958,57,-8,38,90402,86413,0
31007,2026-02-02T17:28:12.281Z,28.311,74.193,66,98,,4.5,18.656,0,0.7,100615.406,100913.078,100809.25,-193.844,103.828,28.164,27.974,32.948,0.127,-0.188,0.944,-93,56,-50,90402,86413,0
31098,2026-02-02T17:28:12.372Z,28.29,74.193,66,98,,4.5,18.656,0,0.7,100608.203,100911.922,100808.906,-200.703,103.016,28.169,27.973,32.949,0.141,-0.195,0.957,64,10,10,89911,85757,0
31185,2026-02-02T17:28:12.459Z,28.29,75.154,66,98,,4.5,18.664,0,0.7,100666.891,100912.484,100809.125,-142.234,103.359,28.174,27.979,32.954,0.14,-0.171,0.947,-5,-14,22,89911,85757,0
31321,2026-02-02T17:28:12.595Z,28.301,75.154,66,98,,4.5,18.664,0,0.7,100722.641,100915.125,100808.984,-86.344,106.141,28.17,27.98,32.953,0.14,-0.184,0.948,-6,-24,40,89911,85757,0
31412,2026-02-02T17:28:12.686Z,28.269,74.109,66,98,,4.5,18.664,0,0.7,100770.953,100918.875,100809.078,-38.125,109.797,28.174,27.978,32.955,0.147,-0.168,0.945,113,-58,170,90518,86437,0
31501,2026-02-02T17:28:12.775Z,28.269,70.416,66,98,,4.5,18.632,0,0.7,100888.375,100922.094,100808.813,79.563,113.281,28.162,27.975,32.958,0.142,-0.216,0.956,-250,56,-57,90518,86437,0
31617,2026-02-02T17:28:12.891Z,28.258,70.416,52,98,,4.5,18.632,0,0.7,100981.391,100925.047,100808.609,172.781,116.438,28.162,27.98,32.957,0.145,-0.169,0.937,237,-420,227,90518,86437,0
31681,2026-02-02T17:28:12.955Z,28.247,66.433,52,98,,4.5,18.632,0,0.7,101039.813,100927.641,100809.219,230.594,118.422,28.162,27.972,32.959,0.162,-0.198,0.946,-497,616,-406,84469,83662,0
31771,2026-02-02T17:28:13.045Z,28.247,62.863,52,98,,4.5,18.632,0,0.7,101056.109,100930.156,100809.172,246.938,120.984,28.16,27.977,32.965,0.1,-0.202,0.952,281,-496,362,84469,83662,0
31905,2026-02-02T17:28:13.179Z,28.215,62.863,52,98,,4.5,18.569,0,0.7,101080.234,100931.875,100808.734,271.5,123.141,28.156,27.981,32.959,0.164,-0.166,0.951,-532,392,-525,79691,79208,0
31995,2026-02-02T17:28:13.269Z,28.215,59.727,52,98,,4.5,18.569,0,0.7,101102.406,100933.188,100809.25,293.156,123.938,28.159,27.975,32.966,0.125,-0.294,0.953,-172,-412,801,79691,79208,0
32126,2026-02-02T17:28:13.400Z,28.226,59.727,52,98,,4.5,18.537,0,0.7,101116.422,100934.078,100809.016,307.406,125.063,28.161,27.98,32.966,0.207,-0.196,0.895,-1169,-246,1143,79691,79208,0
32176,2026-02-02T17:28:13.450Z,28.247,57.278,52,98,,4.5,18.569,0,0.7,101141.375,100934.547,100809.469,331.906,125.078,28.159,27.976,32.968,0.121,-0.141,0.982,1088,-380,2813,34915,40913,0
32311,2026-02-02T17:28:13.585Z,28.247,55.646,52,98,,4.5,18.569,0,0.7,101159.156,100935.125,100809.453,349.703,125.672,28.159,27.976,32.97,0.047,-0.321,0.979,-395,-640,1667,34915,40913,0
32399,2026-02-02T17:28:13.673Z,28.236,55.646,52,98,,4.5,18.569,0,0.7,101184.516,100935.5,100809.344,375.172,126.156,28.156,27.979,32.972,0.127,-0.374,0.925,953,-716,3258,89938,86229,0
32490,2026-02-02T17:28:13.764Z,28.215,54.204,52,98,,4.5,18.569,0,0.7,101178.547,100936.344,100809.25,369.297,127.094,28.158,27.979,32.972,0.203,-0.284,0.806,2474,-984,3551,89938,86229,0
32579,2026-02-02T17:28:13.853Z,28.215,52.807,52,98,,4.5,18.569,0,0.7,101149.422,100936.406,100809.422,340,126.984,28.163,27.977,32.973,0.105,-0.242,0.897,3116,458,3000,89938,86229,0
32724,2026-02-02T17:28:13.998Z,28.247,52.807,49,98,,4.5,18.601,0,0.7,101121.188,100936.781,100809.328,311.859,127.453,28.163,27.979,32.978,0.082,-0.046,0.925,2715,541,1252,0,0,0
32805,2026-02-02T17:28:14.079Z,28.247,51.991,49,98,,4.5,18.601,0,0.7,101105.594,100936.859,100809.406,296.188,127.453,28.159,27.97,32.979,-0.029,0.158,0.989,1711,653,786,0,0,0
32903,2026-02-02T17:28:14.177Z,28.226,51.991,49,98,,4.5,18.601,0,0.7,101088.594,100936.984,100809.922,278.672,127.063,28.156,27.97,32.978,0.021,0.238,0.911,2004,553,-305,82472,80544,0
32985,2026-02-02T17:28:14.259Z,28.236,51.678,49,98,,4.5,18.601,0,0.7,101072.234,100936.359,100809.797,262.438,126.563,28.155,27.974,32.978,0.02,0.394,0.921,613,359,-578,82472,80544,0
33173,2026-02-02T17:28:14.447Z,28.236,51.617,49,98,,4.5,18.632,0,0.7,101071.563,100934.813,100809.828,261.734,124.984,28.159,27.973,32.979,0.085,0.386,0.935,-774,131,268,82472,80544,0
33210,2026-02-02T17:28:14.484Z,28.247,51.617,49,98,,4.5,18.664,0,0.7,101071,100931.359,100810.281,260.719,121.078,28.155,27.979,32.982,0.084,0.267,0.858,890,34,-54,0,0,0
33299,2026-02-02T17:28:14.573Z,28.236,51.274,49,98,,4.5,18.696,0,0.7,101069.906,100931.313,100810.438,259.469,120.875,28.155,27.982,32.983,0.024,0.579,0.658,2302,-521,-195,0,0,0
33390,2026-02-02T17:28:14.664Z,28.236,50.961,49,98,,4.5,18.728,0,0.7,101064.234,100930.297,100810.375,253.859,119.922,28.16,27.979,32.987,0.05,0.399,0.914,1032,-101,-450,0,0,0
33481,2026-02-02T17:28:14.755Z,28.236,50.961,49,98,,4.5,18.728,0,0.7,101064.688,100930.547,100810.156,254.531,120.391,28.161,27.977,32.984,0.006,0.408,0.756,-223,316,-1525,0,0,0
33597,2026-02-02T17:28:14.871Z,28.236,50.641,49,98,,4.5,18.74,0,0.7,101070.984,100930.078,100810.063,260.922,120.016,28.149,27.981,32.989,-0.043,0.642,0.875,1914,-88,-261,0,0,0
33717,2026-02-02T17:28:14.991Z,28.236,50.641,49,98,,4.5,18.76,0,0.7,101078.125,100928.875,100810.438,267.688,118.438,28.163,27.979,32.989,-0.054,0.462,0.824,909,710,-477,0,0,0
33809,2026-02-02T17:28:15.083Z,28.247,50.351,49,98,,4.5,18.792,0,0.7,101082.25,100927.188,100810.594,271.656,116.594,28.164,27.979,32.997,0.208,0.639,0.976,387,-346,387,0,0,0
33884,2026-02-02T17:28:15.158Z,28.247,50,49,98,,4.5,18.792,0,0.7,101083.234,100925.969,100810.391,272.844,115.578,28.163,27.982,32.994,0.156,0.51,0.838,1068,-637,-1474,0,0,0
34028,2026-02-02T17:28:15.302Z,28.236,50,49,98,,4.5,18.792,0,0.7,101082.797,100925.969,100809.938,272.859,116.031,28.16,27.99,33.003,0.169,0.52,0.704,1303,-3029,-1683,0,0,0
34109,2026-02-02T17:28:15.383Z,28.226,49.679,49,98,,4.5,18.811,0,0.7,101087.063,100928,100809.688,277.375,118.313,28.157,27.982,32.997,0.177,0.539,0.596,80,-2266,-3609,0,0,0
34208,2026-02-02T17:28:15.482Z,28.226,49,49,98,,4.5,18.855,0,0.7,101091.063,100929.625,100809.797,281.266,119.828,28.161,27.983,33.003,0.09,0.561,0.62,-235,-3504,-2493,0,0,0
34289,2026-02-02T17:28:15.563Z,28.236,49,49,98,,4.5,18.855,0,0.7,101095.922,100931.031,100810.484,285.438,120.547,28.168,27.988,33.006,-0.247,0.548,0.783,-837,-1489,-4385,0,0,0
34397,2026-02-02T17:28:15.671Z,28.236,48.535,49,98,,4.5,18.887,0,0.7,101102.781,100932.547,100810.719,292.063,121.828,28.162,27.985,33.014,-0.229,0.505,0.864,-1181,-1351,-3074,0,0,0
34514,2026-02-02T17:28:15.788Z,28.236,48.535,49,98,,4.5,18.907,0,0.7,101108.422,100933.469,100811.016,297.406,122.453,28.17,27.982,33.025,0.042,0.542,0.859,-327,-3367,-220,0,0,0
34604,2026-02-02T17:28:15.878Z,28.226,47.963,49,98,,4.5,18.919,0,0.7,101112.188,100934.109,100811.141,301.047,122.969,28.164,27.985,33.033,-0.179,0.548,0.918,-1121,1335,-1763,0,0,0
34708,2026-02-02T17:28:15.982Z,28.226,47.413,49,98,,4.5,18.951,0,0.7,101112.891,100934.469,100811.219,301.672,123.25,28.173,27.991,33.04,0.184,0.549,0.837,-963,398,-1264,0,0,0
34785,2026-02-02T17:28:16.059Z,28.247,47.413,49,98,,4.5,18.983,0,0.7,101116.125,100935.797,100811.297,304.828,124.5,28.175,27.988,33.042,-0.196,0.439,0.908,-256,-828,41,0,0,0
34919,2026-02-02T17:28:16.193Z,28.247,46.887,49,98,,4.5,18.983,0,0.7,101121.75,100935.531,100811,310.75,124.531,28.169,27.992,33.045,0.127,0.44,0.868,617,-905,769,0,0,0
35010,2026-02-02T17:28:16.284Z,28.258,46.383,49,98,,4.5,19.014,0,0.7,101127.156,100936.141,100810.734,316.422,125.406,28.169,27.99,33.048,-0.057,0.443,0.817,-371,726,-102,0,0,0
35105,2026-02-02T17:28:16.379Z,28.226,46.383,49,98,,4.5,19.014,0,0.7,101128.656,100935.859,100811.234,317.422,124.625,28.176,27.984,33.052,0.079,0.489,0.818,-115,52,-574,0,0,0
35246,2026-02-02T17:28:16.520Z,28.226,46.132,49,98,,4.5,19.014,0,0.7,101130.391,100935.656,100811.094,319.297,124.563,28.175,27.992,33.057,-0.079,0.428,0.87,-355,592,-1050,0,0,0
35324,2026-02-02T17:28:16.598Z,28.258,46.132,49,98,,4.5,19.046,0,0.7,101130.719,100935.281,100811.313,319.406,123.969,28.174,27.992,33.062,-0.115,0.446,0.893,-98,-12,-207,0,0,0
35415,2026-02-02T17:28:16.689Z,28.258,45.773,49,98,,4.5,19.078,0,0.7,101132.859,100935.375,100810.563,322.297,124.813,28.173,27.992,33.063,-0.132,0.408,0.861,181,-44,-1001,0,0,0
35504,2026-02-02T17:28:16.778Z,28.258,45.414,49,98,,4.5,19.078,0,0.7,101134.141,100935.938,100811.547,322.594,124.391,28.177,27.99,33.074,-0.086,0.447,0.854,227,-612,-439,0,0,0
35595,2026-02-02T17:28:16.869Z,28.226,45.414,49,98,,4.5,19.11,0,0.7,101137.453,100935.484,100810.922,326.531,124.563,28.179,27.99,33.068,-0.066,0.454,0.867,328,-458,-273,0,0,0
35743,2026-02-02T17:28:17.017Z,28.258,45.086,49,98,,4.5,19.11,0,0.7,101144.063,100935.219,100811.281,332.781,123.938,28.175,27.991,33.07,-0.004,0.482,0.843,35,-126,-517,0,0,0
35774,2026-02-02T17:28:17.048Z,28.258,44.652,49,98,,4.5,19.11,0,0.7,101147.594,100935.844,100811.047,336.547,124.797,28.178,27.988,33.08,-0.16,0.419,0.845,-58,-71,-293,0,0,0
35908,2026-02-02T17:28:17.182Z,28.247,44.652,49,98,,4.5,19.174,0,0.7,101151.156,100935.828,100811.234,339.922,124.594,28.175,27.996,33.071,-0.097,0.452,0.87,139,-475,69,0,0,0
